Name,Date,N_DAY_MAX_GRT_N-1_DAY_MAX,N_DAY_MIN_LT_N-1_DAY_MIN,N_09:00_To_09:30_Max_Minus_09:00_Open,N_09:00_To_09:30_Min_Minus_09:00_Open,N_09:00_To_13:45_Max_Minus_09:00_Open,N_09:00_To_13:45_Max_Minus_N-1_Close,N_09:00_To_13:45_Min_Minus_09:00_Open,N_09:00_To_13:45_Min_Minus_N-1_Close,N_09:00_To_15:00_Max_Minus_09:00_Open,N_09:00_To_15:00_Min_Minus_09:00_Open,N_09:30_MAX_MINUS_N-1_09:00_Open,N_09:30_MAX_MINUS_N-1_EOD_CLOSE,N_09:30_Min_MINUS_N-1_09:00_Open,N_09:30_Min_MINUS_N-1_EOD_CLOSE,N_09:30_To_13:45_Max_Minus_N_09:30_Open,N_09:30_To_13:45_Min_Minus_N_09:30_Open,N_09:30_To_15:00_Max_Minus_N_09:30_Open,N_09:30_To_15:00_Min_Minus_N_09:30_Open,N-1_09:00_To_09:30_MAX_MINUS_09:00_OPEN,N-1_09:00_To_09:30_Max_Minus_N-2_09:00_Open,N-1_09:00_To_09:30_MIN_MINUS_09:00_OPEN,N-1_09:00_To_09:30_Min_Minus_N-2_09:00_Open,N-1_09:30_Open_Minus_N-1_EOD_Close,N-1_09:30_To_10:00_MAX_MINUS_09:30_OPEN,N-1_09:30_To_10:00_MIN_MINUS_09:30_OPEN,N-1_10:00_To_10:30_MAX_MINUS_10:00_OPEN,N-1_10:00_To_10:30_MIN_MINUS_10:00_OPEN,N-1_10:30_To_11:00_MAX_MINUS_10:30_OPEN,N-1_10:30_To_11:00_MIN_MINUS_10:30_OPEN,N-1_11:00_To_11:30_MAX_MINUS_11:00_OPEN,N-1_11:00_To_11:30_MIN_MINUS_11:00_OPEN,N-1_11:30_To_12:00_MAX_MINUS_11:30_OPEN,N-1_11:30_To_12:00_MIN_MINUS_11:30_OPEN,N-1_12:00_To_12:30_MAX_MINUS_12:00_OPEN,N-1_12:00_To_12:30_MIN_MINUS_12:00_OPEN,N-1_12:30_To_13:00_MAX_MINUS_12:30_OPEN,N-1_12:30_To_13:00_MIN_MINUS_12:30_OPEN,N-1_13:00_To_13:30_MAX_MINUS_13:00_OPEN,N-1_13:00_To_13:30_MIN_MINUS_13:00_OPEN,N-1_13:30_To_14:00_MAX_MINUS_13:30_OPEN,N-1_13:30_To_14:00_MIN_MINUS_13:30_OPEN,N-1_14:00_To_14:30_MAX_MINUS_14:00_OPEN,N-1_14:00_To_14:30_MIN_MINUS_14:00_OPEN,N-1_14:30_To_15:00_MAX_MINUS_14:30_OPEN,N-1_14:30_To_15:00_MIN_MINUS_14:30_OPEN,N-1_15:00_To_15:30_MAX_MINUS_15:00_OPEN,N-1_15:00_To_15:30_MIN_MINUS_15:00_OPEN,N-1_15:30_To_EOD_MAX_MINUS_N_09:00_OPEN,N-1_15:30_To_EOD_MIN_MINUS_N_09:00_OPEN,N-1_Close_Minus_N_09:00_To_09:30_Max,N-1_Close_Minus_N_09:00_To_09:30_Min_,N-1_Close_Minus_N_09:00_To_15:00_Max,N-1_Close_Minus_N_09:00_To_15:00_Min_,N-1_EOD_Close_Minus_N-1_09:00_Open,N-2_09:00_To_09:30_MAX_MINUS_09:00_OPEN,N-2_09:00_To_09:30_MIN_MINUS_09:00_OPEN,N-2_09:30_Open_Minus_N-2_EOD_Close,N-2_09:30_To_10:00_MAX_MINUS_09:30_OPEN,N-2_09:30_To_10:00_MIN_MINUS_09:30_OPEN,N-2_10:00_To_10:30_MAX_MINUS_10:00_OPEN,N-2_10:00_To_10:30_MIN_MINUS_10:00_OPEN,N-2_10:30_To_11:00_MAX_MINUS_10:30_OPEN,N-2_10:30_To_11:00_MIN_MINUS_10:30_OPEN,N-2_11:00_To_11:30_MAX_MINUS_11:00_OPEN,N-2_11:00_To_11:30_MIN_MINUS_11:00_OPEN,N-2_11:30_To_12:00_MAX_MINUS_11:30_OPEN,N-2_11:30_To_12:00_MIN_MINUS_11:30_OPEN,N-2_12:00_To_12:30_MAX_MINUS_12:00_OPEN,N-2_12:00_To_12:30_MIN_MINUS_12:00_OPEN,N-2_12:30_To_13:00_MAX_MINUS_12:30_OPEN,N-2_12:30_To_13:00_MIN_MINUS_12:30_OPEN,N-2_13:00_To_13:30_MAX_MINUS_13:00_OPEN,N-2_13:00_To_13:30_MIN_MINUS_13:00_OPEN,N-2_13:30_To_14:00_MAX_MINUS_13:30_OPEN,N-2_13:30_To_14:00_MIN_MINUS_13:30_OPEN,N-2_14:00_To_14:30_MAX_MINUS_14:00_OPEN,N-2_14:00_To_14:30_MIN_MINUS_14:00_OPEN,N-2_14:30_To_15:00_MAX_MINUS_14:30_OPEN,N-2_14:30_To_15:00_MIN_MINUS_14:30_OPEN,N-2_15:00_To_15:30_MAX_MINUS_15:00_OPEN,N-2_15:00_To_15:30_MIN_MINUS_15:00_OPEN,N-2_15:30_To_EOD_MAX_MINUS_N-1_09:00_OPEN,N-2_15:30_To_EOD_MIN_MINUS_N-1_09:00_OPEN,N-2_EOD_Close_Minus_N-2_09:00_Open
ACC,20190311,1,0,PZ,NZ,P,P,NZ,NZ,P,NZ,PP,PZ,Z,Z,P,NZ,P,NZ,PZ,PZ,NZ,NZ,Z,PZ,NZ,PZ,NZ,PZ,NZ,PZ,NZ,PZ,NZ,PZ,Z,PZ,NZ,PZ,Z,PZ,NZ,PZ,Z,PZ,Z,PZ,Z,P,Z,PZ,Z,P,NZ,P,PZ,NZ,Z,P,NZ,PZ,NZ,Z,NZ,PZ,NZ,Z,NZ,PZ,NZ,Z,NZ,P,Z,PZ,NZ,Z,NZ,Z,NZ,PZ,NZ,Z,Z,Z
ACC,20190312,1,1,Z,Z,Z,Z,Z,NN,Z,Z,Z,Z,NN,NN,Z,Z,Z,Z,PZ,PP,NZ,Z,P,PZ,NZ,PZ,Z,PZ,Z,Z,NZ,Z,NZ,PZ,NZ,PZ,NZ,PZ,Z,PZ,NZ,PZ,Z,PZ,NZ,P,Z,P,Z,Z,NN,Z,NN,P,PZ,NZ,Z,PZ,NZ,PZ,NZ,PZ,NZ,PZ,NZ,PZ,NZ,PZ,Z,PZ,NZ,PZ,Z,PZ,NZ,PZ,Z,PZ,Z,PZ,Z,Z,Z,P
ADANIPORTS,20190311,1,0,P,NZ,PP,PP,NZ,Z,PP,NZ,P,P,Z,Z,P,NZ,P,NZ,PZ,P,NZ,Z,Z,PZ,NZ,PZ,Z,PZ,NZ,PZ,NZ,Z,NZ,PZ,NZ,PZ,Z,Z,NZ,PZ,NZ,PZ,Z,PZ,Z,PZ,Z,PZ,NZ,P,Z,PP,Z,Z,PZ,NZ,N,PZ,NZ,PZ,NZ,PZ,NZ,Z,NZ,PZ,Z,PZ,NZ,Z,NZ,PZ,NZ,PZ,Z,PZ,NZ,PZ,Z,PZ,NZ,Z,Z,Z
ADANIPORTS,20190312,1,1,Z,Z,Z,Z,Z,NN,Z,Z,Z,Z,NN,NN,Z,Z,Z,Z,P,P,NZ,Z,P,PZ,NZ,PZ,Z,PZ,Z,Z,NZ,PZ,Z,PZ,NZ,Z,NZ,PZ,Z,PZ,NZ,PZ,NZ,PZ,Z,PZ,Z,PP,Z,Z,NN,Z,NN,PP,PZ,NZ,Z,PZ,NZ,PZ,Z,PZ,NZ,PZ,NZ,Z,NZ,PZ,NZ,PZ,Z,Z,NZ,PZ,NZ,PZ,Z,PZ,Z,PZ,Z,Z,NZ,Z
AMBUJACEM,20190311,1,0,PZ,NZ,PP,PP,NZ,Z,PP,NZ,PP,P,Z,Z,P,NZ,PP,NZ,P,PZ,Z,NZ,P,PZ,NZ,PZ,NZ,Z,NZ,PZ,NZ,PZ,Z,PZ,Z,PZ,Z,PZ,Z,PZ,NZ,PZ,Z,PZ,Z,P,Z,PP,NZ,P,Z,PP,Z,PP,PZ,NZ,Z,P,Z,PZ,Z,PZ,NZ,PZ,NZ,Z,NZ,PZ,NZ,Z,NZ,PZ,Z,PZ,NZ,Z,NZ,PZ,NZ,PZ,NZ,PZ,Z,Z
AMBUJACEM,20190312,1,1,Z,Z,Z,Z,Z,NN,Z,Z,Z,Z,NN,NN,Z,Z,Z,Z,PZ,PP,NZ,Z,PP,PZ,NZ,PZ,Z,PZ,Z,PZ,Z,PZ,NZ,PZ,Z,Z,NZ,Z,Z,Z,NZ,PZ,Z,PZ,NZ,P,Z,PP,Z,Z,NN,Z,NN,PP,P,Z,N,PZ,NZ,PZ,NZ,Z,NZ,PZ,NZ,PZ,Z,PZ,Z,PZ,Z,PZ,Z,PZ,NZ,PZ,Z,PZ,Z,P,Z,Z,NZ,PP
ARVIND,20190311,0,0,P,Z,PP,PP,NZ,Z,PP,NZ,Z,PP,NN,Z,PP,NZ,PP,NZ,PZ,PP,NN,NZ,NN,PZ,NN,PZ,NN,PZ,N,PZ,N,PZ,NZ,Z,NZ,PZ,NZ,PZ,NZ,PZ,NZ,PZ,N,Z,N,P,NZ,Z,NZ,PP,Z,PP,Z,NN,PZ,NZ,NN,PZ,N,PZ,NZ,P,NZ,PP,Z,PZ,N,PZ,NZ,PZ,N,PZ,NZ,PZ,NZ,PZ,NZ,PZ,NZ,PZ,NZ,PZ,Z,PP
ARVIND,20190312,1,1,Z,Z,Z,Z,Z,NN,Z,Z,Z,Z,NN,NN,Z,Z,Z,Z,P,Z,Z,NN,PP,P,NZ,P,Z,Z,NZ,PZ,NZ,PZ,NZ,PZ,NZ,PZ,Z,PZ,NZ,PZ,NZ,PZ,NZ,PZ,NZ,PZ,NZ,PP,Z,Z,NN,Z,NN,PP,PZ,NN,PP,PZ,NN,PZ,NN,PZ,N,PZ,N,PZ,NZ,Z,NZ,PZ,NZ,PZ,NZ,PZ,NZ,PZ,N,Z,N,P,NZ,Z,NZ,NN
ASHOKLEY,20190311,1,0,P,NZ,P,PP,NZ,Z,P,NZ,P,PP,NZ,Z,PZ,NZ,PZ,NZ,PZ,PZ,NZ,NZ,Z,PZ,NZ,PZ,NZ,Z,NZ,PZ,Z,PZ,NZ,P,NZ,PZ,NZ,PZ,NZ,PZ,NZ,PZ,Z,PZ,Z,PZ,NZ,Z,N,PP,Z,PP,Z,N,PZ,N,N,PZ,NZ,PP,Z,PZ,Z,PZ,Z,PZ,NZ,Z,NZ,Z,NZ,PZ,NZ,PZ,NZ,Z,NZ,Z,NZ,PZ,NZ,PZ,Z,Z
ASHOKLEY,20190312,1,1,Z,Z,Z,Z,Z,NN,Z,Z,Z,Z,NN,NN,Z,Z,Z,Z,P,P,NZ,NZ,P,PZ,NZ,PZ,Z,Z,NZ,PZ,NZ,PZ,Z,PZ,NZ,PZ,NZ,PZ,NZ,PZ,NZ,PZ,Z,PZ,NZ,P,Z,PP,Z,Z,NN,Z,NN,PP,PZ,NZ,Z,PZ,NZ,PZ,NZ,Z,NZ,PZ,Z,PZ,NZ,P,NZ,PZ,NZ,PZ,NZ,PZ,NZ,PZ,Z,PZ,Z,PZ,NZ,Z,N,N
ASIANPAINT,20190311,1,0,PZ,NZ,P,PP,NZ,Z,PP,NZ,PZ,PZ,NZ,Z,P,Z,PP,Z,Z,Z,NZ,N,Z,PZ,Z,PZ,Z,PZ,NZ,PZ,Z,Z,NZ,Z,Z,Z,NZ,PZ,NZ,PZ,Z,Z,Z,PZ,Z,Z,NZ,Z,NZ,PZ,Z,PP,Z,Z,PZ,Z,Z,PZ,NZ,Z,NZ,PZ,NZ,Z,Z,Z,NZ,Z,Z,Z,NZ,Z,Z,Z,Z,Z,Z,Z,NZ,PZ,NZ,PZ,Z,Z
ASIANPAINT,20190312,1,1,Z,Z,Z,Z,Z,NN,Z,Z,Z,Z,NN,NN,Z,Z,Z,Z,PZ,PZ,NZ,NZ,PP,PZ,Z,PZ,NZ,PZ,Z,Z,NZ,PZ,NZ,PZ,Z,PZ,NZ,PZ,Z,PZ,NZ,P,Z,PZ,NZ,PZ,NZ,PP,Z,Z,NN,Z,NN,PP,Z,NZ,Z,PZ,Z,PZ,Z,PZ,NZ,PZ,Z,Z,NZ,Z,Z,Z,NZ,PZ,NZ,PZ,Z,Z,Z,PZ,Z,Z,NZ,Z,NZ,Z
AUROPHARMA,20190311,1,0,P,NZ,P,PP,NZ,Z,P,NZ,PP,P,Z,Z,PZ,NZ,PZ,NZ,P,Z,NZ,NN,P,PZ,NZ,P,Z,PZ,NZ,PZ,Z,PZ,NZ,PZ,Z,PZ,NZ,PZ,Z,PZ,Z,PZ,NZ,PZ,Z,PZ,NZ,PP,NZ,P,Z,PP,Z,PP,PZ,NZ,P,PZ,Z,PZ,NZ,PZ,NZ,Z,NZ,PZ,Z,PZ,NZ,Z,NZ,PZ,Z,PZ,NZ,Z,NZ,Z,NZ,PZ,N,PZ,Z,N
AUROPHARMA,20190312,1,1,Z,Z,Z,Z,Z,NN,Z,Z,Z,Z,NN,NN,Z,Z,Z,Z,P,PP,NZ,Z,Z,PZ,NZ,PZ,Z,PZ,NZ,PZ,NZ,Z,NZ,Z,NZ,PZ,NZ,PZ,Z,Z,NZ,PZ,NZ,PZ,Z,PZ,NZ,P,Z,Z,NN,Z,NN,P,P,NZ,N,PZ,NZ,P,Z,PZ,NZ,PZ,Z,PZ,NZ,PZ,Z,PZ,NZ,PZ,Z,PZ,Z,PZ,NZ,PZ,Z,PZ,NZ,Z,NZ,PP
AXISBANK,20190311,1,0,P,NZ,P,P,NZ,NZ,P,NZ,P,P,NZ,NZ,PZ,NZ,PZ,N,Z,P,NZ,Z,Z,PZ,NZ,PZ,Z,PZ,NZ,PZ,Z,Z,NZ,PZ,Z,Z,NZ,PZ,NZ,PZ,NZ,PZ,Z,PZ,Z,PZ,NZ,PZ,Z,P,NZ,P,NZ,Z,PZ,NZ,N,PZ,NZ,PZ,NZ,PZ,Z,Z,NZ,PZ,Z,PZ,Z,Z,NZ,PZ,Z,PZ,Z,P,Z,PZ,NZ,PZ,NZ,PZ,Z,P
AXISBANK,20190312,1,1,Z,Z,Z,Z,Z,NN,Z,Z,Z,Z,NN,NN,Z,Z,Z,Z,P,P,NZ,NZ,N,Z,NZ,PZ,Z,Z,NZ,PZ,Z,Z,NZ,PZ,NZ,Z,NZ,PZ,NZ,Z,NZ,Z,NZ,PZ,NZ,PZ,NZ,PZ,Z,Z,NN,Z,NN,Z,Z,NZ,Z,PZ,NZ,PZ,Z,PZ,NZ,PZ,Z,Z,NZ,PZ,Z,Z,NZ,PZ,NZ,PZ,NZ,PZ,Z,PZ,Z,PZ,NZ,Z,Z,Z
BAJAJ-AUTO,20190311,1,0,PZ,N,P,P,N,NZ,P,N,PP,PZ,Z,NZ,PZ,NZ,PZ,NZ,PZ,PZ,NZ,NZ,P,P,Z,PZ,Z,Z,NZ,PZ,Z,PZ,Z,Z,NZ,Z,NZ,Z,NZ,PZ,Z,PZ,NZ,PZ,Z,PZ,Z,P,NZ,PZ,NZ,P,NZ,P,Z,NZ,Z,PZ,NZ,Z,NZ,PZ,NZ,Z,NZ,PZ,Z,Z,NZ,PZ,Z,PZ,Z,PZ,Z,PZ,Z,PZ,Z,PZ,NZ,PZ,Z,Z
BAJAJ-AUTO,20190312,1,1,Z,Z,Z,Z,Z,NN,Z,Z,Z,Z,NN,NN,Z,Z,Z,Z,PZ,PP,N,Z,Z,PZ,NZ,PZ,Z,Z,NZ,PZ,Z,PZ,NZ,PZ,Z,PZ,Z,PZ,Z,PZ,Z,PZ,Z,PZ,NZ,Z,NZ,P,Z,Z,NN,Z,NN,P,PZ,NZ,N,P,Z,PZ,Z,Z,NZ,PZ,Z,PZ,Z,Z,NZ,Z,NZ,Z,NZ,PZ,Z,PZ,NZ,PZ,Z,PZ,Z,Z,NZ,P
BAJFINANCE,20190311,1,0,PZ,Z,P,P,Z,Z,P,Z,PP,PZ,Z,Z,PZ,NZ,PZ,NZ,PZ,Z,NZ,N,P,PZ,NZ,PZ,NZ,PZ,Z,PZ,NZ,PZ,NZ,PZ,NZ,Z,NZ,PZ,NZ,PZ,Z,P,Z,PZ,NZ,PZ,NZ,P,NZ,PZ,Z,P,Z,P,PZ,NZ,P,PZ,NZ,PZ,NZ,PZ,NZ,Z,NZ,PZ,Z,Z,NZ,Z,NZ,PZ,Z,PZ,Z,PZ,NZ,PZ,NZ,Z,N,PZ,Z,N
BAJFINANCE,20190312,1,1,Z,Z,Z,Z,Z,NN,Z,Z,Z,Z,NN,NN,Z,Z,Z,Z,PZ,PP,Z,Z,Z,PZ,NZ,PZ,Z,PZ,Z,PZ,NZ,PZ,NZ,PZ,NZ,Z,NZ,Z,NZ,PZ,NZ,PZ,NZ,PZ,NZ,Z,NZ,PZ,Z,Z,NN,Z,NN,Z,PZ,NZ,N,PZ,NZ,PZ,NZ,PZ,Z,PZ,NZ,PZ,NZ,PZ,NZ,Z,NZ,PZ,NZ,PZ,Z,P,Z,PZ,NZ,PZ,NZ,Z,NZ,P
BANKBARODA,20190311,1,0,PZ,Z,PP,PP,Z,Z,PP,Z,Z,P,N,Z,P,Z,P,Z,PZ,PP,NZ,Z,N,PZ,NN,P,NZ,PZ,NZ,PZ,Z,PZ,NZ,PZ,NZ,Z,NZ,PZ,NZ,PZ,NZ,PZ,Z,PZ,NZ,PZ,NZ,Z,NZ,P,Z,PP,Z,N,Z,N,NN,PZ,NZ,P,Z,PZ,NZ,PZ,NZ,PP,NZ,PZ,NZ,PZ,NZ,PZ,Z,PZ,NZ,PZ,NZ,PZ,N,PZ,NZ,Z,NZ,PP
BANKBARODA,20190312,1,1,Z,Z,Z,Z,Z,NN,Z,Z,Z,Z,NN,NN,Z,Z,Z,Z,PZ,Z,Z,N,Z,P,Z,PZ,NZ,PZ,NZ,PZ,NZ,PZ,Z,Z,NZ,PZ,NZ,PZ,NZ,PZ,NZ,Z,NZ,PZ,NZ,PZ,NZ,P,Z,Z,NN,Z,NN,P,PZ,NZ,P,PZ,NN,P,NZ,PZ,NZ,PZ,Z,PZ,NZ,PZ,NZ,Z,NZ,PZ,NZ,PZ,NZ,PZ,Z,PZ,NZ,PZ,NZ,Z,NZ,N
BANKINDIA,20190311,1,0,P,Z,PP,PP,Z,Z,PP,Z,Z,P,NN,Z,P,NZ,PP,NZ,PZ,P,NZ,Z,NN,PZ,N,PZ,NZ,PZ,NZ,PZ,NZ,PZ,NZ,PZ,NZ,PZ,NZ,PZ,NZ,PZ,NZ,PZ,Z,PZ,NZ,PZ,NZ,Z,NZ,P,Z,PP,Z,NN,PZ,N,N,PZ,NZ,P,Z,PZ,NZ,PZ,NZ,PP,NZ,PZ,NZ,PZ,NZ,PZ,Z,PZ,NZ,PZ,NZ,PZ,NZ,PZ,NZ,PZ,Z,Z
BANKINDIA,20190312,1,1,Z,Z,Z,Z,Z,NN,Z,Z,Z,Z,NN,NN,Z,Z,Z,Z,P,Z,Z,NN,PP,PZ,Z,P,Z,Z,NZ,PZ,NZ,PZ,NZ,PZ,NZ,PZ,Z,PZ,NZ,PZ,NZ,PZ,NZ,P,NZ,PZ,NZ,PP,Z,Z,NN,Z,NN,PP,PZ,NZ,PP,PZ,N,PZ,NZ,PZ,NZ,PZ,NZ,PZ,NZ,PZ,NZ,PZ,NZ,PZ,NZ,PZ,NZ,PZ,Z,PZ,NZ,PZ,NZ,Z,NZ,NN
BHARATFORG,20190311,1,0,P,NZ,PP,PP,NZ,NZ,PP,NZ,PZ,P,N,NZ,PP,NZ,PP,NZ,PZ,PZ,NZ,NZ,Z,PZ,N,PZ,Z,PZ,NZ,PZ,NZ,Z,NZ,PZ,NZ,PZ,NZ,PZ,NZ,PZ,NZ,PZ,NZ,PZ,NZ,PZ,NZ,Z,NZ,P,NZ,PP,NZ,N,PZ,NZ,Z,Z,NZ,PZ,Z,P,Z,PZ,NZ,PZ,Z,PZ,NZ,PZ,NZ,PZ,NZ,PZ,Z,Z,NZ,PZ,NZ,Z,N,PZ,Z,Z
BHARATFORG,20190312,1,1,Z,Z,Z,Z,Z,NN,Z,Z,Z,Z,NN,NN,Z,Z,Z,Z,P,PZ,NZ,N,PP,P,NZ,PZ,NZ,PZ,Z,PZ,NZ,PZ,Z,PZ,NZ,PZ,NZ,PZ,NZ,Z,NZ,PZ,Z,PZ,NZ,PZ,NZ,PP,Z,Z,NN,Z,NN,PP,PZ,NZ,Z,PZ,N,PZ,Z,PZ,NZ,PZ,NZ,Z,NZ,PZ,NZ,PZ,NZ,PZ,NZ,PZ,NZ,PZ,NZ,PZ,NZ,PZ,NZ,Z,NZ,N
BHARTIARTL,20190311,1,0,PZ,NZ,PP,PP,NZ,Z,PP,NZ,PZ,P,NZ,Z,PP,NZ,PP,NZ,PZ,PZ,NZ,NZ,Z,PZ,Z,Z,NZ,Z,NZ,PZ,Z,Z,NZ,PZ,Z,Z,NZ,PZ,NZ,PZ,Z,PZ,Z,PZ,Z,Z,NZ,Z,NZ,P,Z,PP,Z,Z,PZ,NZ,Z,PZ,NZ,PZ,NZ,Z,NZ,PZ,NZ,Z,NZ,PZ,NZ,PZ,NZ,PZ,NZ,PZ,NZ,Z,NZ,Z,NZ,Z,NZ,Z,NZ,Z
BHARTIARTL,20190312,1,1,Z,Z,Z,Z,Z,NN,Z,Z,Z,Z,NN,NN,Z,Z,Z,Z,PZ,PZ,NZ,NZ,PP,PZ,NZ,P,Z,PZ,NZ,PZ,NZ,P,Z,PZ,NZ,PZ,NZ,PZ,NZ,PZ,NZ,PZ,NZ,PP,Z,P,Z,PP,Z,Z,NN,Z,NN,PP,PZ,NZ,Z,PZ,Z,Z,NZ,Z,NZ,PZ,Z,Z,NZ,PZ,Z,Z,NZ,PZ,NZ,PZ,Z,PZ,Z,PZ,Z,Z,NZ,Z,NZ,Z
BHEL,20190311,1,0,PZ,NZ,PP,PP,NZ,Z,PP,NZ,Z,P,N,Z,PP,Z,PP,Z,Z,Z,NZ,NN,Z,PZ,N,PZ,NZ,Z,NZ,PZ,NZ,Z,NZ,PZ,NZ,PZ,NZ,Z,NZ,Z,Z,PZ,Z,PZ,Z,PZ,Z,Z,NZ,P,Z,PP,Z,N,Z,NN,Z,PZ,NZ,PZ,NZ,PZ,NZ,PZ,NZ,PZ,Z,PZ,NZ,PZ,NZ,PZ,NZ,PZ,NZ,PZ,NZ,PZ,NZ,PZ,NZ,PZ,Z,N
BHEL,20190312,1,1,Z,Z,Z,Z,Z,NN,Z,Z,Z,Z,NN,NN,Z,Z,Z,Z,PZ,Z,NZ,N,PP,P,Z,PZ,Z,PZ,NZ,PZ,Z,PZ,Z,PZ,NZ,PZ,NZ,PZ,Z,PZ,Z,PZ,NZ,Z,NZ,P,NZ,PP,Z,Z,NN,Z,NN,PP,Z,NZ,Z,PZ,N,PZ,NZ,Z,NZ,PZ,NZ,Z,NZ,PZ,NZ,PZ,NZ,Z,NZ,Z,Z,PZ,Z,PZ,Z,PZ,Z,Z,NZ,N
BOSCHLTD,20190311,1,0,PZ,Z,PP,PP,Z,Z,PP,Z,PZ,P,Z,Z,PP,Z,PP,Z,PZ,Z,NZ,NN,Z,PZ,NZ,PZ,NZ,PZ,NZ,PZ,Z,Z,NZ,PZ,NZ,PZ,NZ,PZ,NZ,Z,NZ,PZ,NZ,PZ,NZ,PZ,NZ,PZ,NZ,P,Z,PP,Z,Z,PZ,N,P,PZ,NZ,Z,NZ,PZ,NZ,PZ,Z,PZ,NZ,PZ,NZ,PZ,Z,PZ,NZ,PZ,Z,Z,NZ,Z,NZ,PZ,NZ,Z,Z,NN
BOSCHLTD,20190312,1,1,Z,Z,Z,Z,Z,NN,Z,Z,Z,Z,NN,NN,Z,Z,Z,Z,PZ,PZ,Z,Z,PP,PZ,Z,PZ,Z,PZ,Z,PZ,Z,PZ,Z,PZ,Z,PZ,Z,PZ,NZ,PZ,NZ,PZ,Z,Z,NZ,PZ,Z,PP,Z,Z,NN,Z,NN,PP,PZ,NZ,Z,PZ,NZ,PZ,NZ,PZ,NZ,PZ,Z,Z,NZ,PZ,NZ,PZ,NZ,PZ,NZ,Z,NZ,PZ,NZ,PZ,NZ,PZ,NZ,Z,NZ,Z
BPCL,20190311,1,0,P,NZ,PP,PP,NZ,Z,PP,NZ,P,P,NZ,Z,PP,Z,PP,Z,Z,Z,NZ,N,Z,PZ,Z,PZ,NZ,PZ,NZ,PZ,Z,Z,NZ,PZ,NZ,PZ,NZ,PZ,NZ,PZ,NZ,PZ,Z,PZ,NZ,P,Z,Z,NZ,P,Z,PP,Z,Z,PZ,NZ,Z,PZ,NZ,Z,NZ,Z,NZ,Z,NZ,PZ,NZ,PZ,NZ,PZ,Z,PZ,NZ,PZ,Z,PZ,Z,Z,NZ,Z,N,PZ,NZ,Z
BPCL,20190312,1,1,Z,Z,Z,Z,Z,NN,Z,Z,Z,Z,NN,NN,Z,Z,Z,Z,P,P,NZ,NZ,PP,P,Z,PZ,NZ,PZ,Z,PZ,Z,PZ,Z,PZ,Z,PZ,NZ,PZ,NZ,PZ,NZ,PZ,NZ,PZ,NZ,PZ,Z,PP,Z,Z,NN,Z,NN,PP,Z,NZ,Z,PZ,Z,PZ,NZ,PZ,NZ,PZ,Z,Z,NZ,PZ,NZ,PZ,NZ,PZ,NZ,PZ,NZ,PZ,Z,PZ,NZ,P,Z,Z,NZ,Z
CANBK,20190311,1,0,PZ,NZ,P,PP,NZ,Z,P,NZ,P,P,Z,Z,P,Z,P,NZ,P,PP,NZ,Z,N,PZ,N,PZ,NZ,PZ,NZ,PZ,Z,PZ,NZ,PZ,NZ,Z,NZ,PZ,NZ,PZ,NZ,PZ,NZ,PZ,NZ,PZ,NZ,Z,N,P,Z,PP,Z,Z,PZ,N,NN,PZ,NZ,PZ,Z,PZ,NZ,PZ,NZ,P,Z,PZ,NZ,PZ,NZ,PZ,NZ,PZ,NZ,PZ,NZ,PZ,NZ,PZ,NZ,P,Z,P
CANBK,20190312,1,1,Z,Z,Z,Z,Z,NN,Z,Z,Z,Z,NN,NN,Z,Z,Z,Z,PZ,P,NZ,Z,Z,P,Z,PZ,Z,Z,NZ,PZ,NZ,Z,NZ,PZ,Z,PZ,Z,PZ,NZ,Z,NZ,PZ,NZ,PZ,NZ,Z,NZ,PZ,Z,Z,NN,Z,NN,Z,P,NZ,P,PZ,N,PZ,NZ,PZ,NZ,PZ,Z,PZ,NZ,PZ,NZ,Z,NZ,PZ,NZ,PZ,NZ,PZ,NZ,PZ,NZ,PZ,NZ,Z,N,Z
CENTURYTEX,20190311,1,0,PZ,Z,PP,PP,Z,Z,PP,Z,P,P,Z,Z,P,Z,P,Z,PZ,PZ,NZ,Z,Z,PZ,NZ,PZ,NZ,PZ,NZ,PZ,NZ,Z,NZ,PZ,NZ,PZ,NZ,PZ,Z,Z,NZ,PZ,Z,PZ,NZ,PZ,NZ,PZ,NZ,P,Z,PP,Z,Z,PZ,N,N,PZ,NZ,PZ,NZ,PZ,NZ,PZ,NZ,Z,NZ,PZ,NZ,PP,NZ,PZ,NZ,Z,N,PZ,Z,PZ,NZ,PZ,NZ,PZ,Z,Z
CENTURYTEX,20190312,1,1,Z,Z,Z,Z,Z,NN,Z,Z,Z,Z,NN,NN,Z,Z,Z,Z,PZ,P,Z,Z,P,PZ,Z,PZ,Z,PZ,NZ,Z,NZ,PZ,Z,PZ,Z,PZ,NZ,PZ,Z,PZ,NZ,PZ,NZ,PZ,Z,PZ,NZ,PP,Z,Z,NN,Z,NN,PP,PZ,NZ,Z,PZ,NZ,PZ,NZ,PZ,NZ,PZ,NZ,Z,NZ,PZ,NZ,PZ,NZ,PZ,Z,Z,NZ,PZ,Z,PZ,NZ,PZ,NZ,Z,NZ,Z
CIPLA,20190311,0,1,Z,NZ,Z,PZ,N,NZ,Z,N,PZ,PZ,NZ,NZ,PZ,NZ,PZ,NZ,PZ,Z,NZ,N,Z,PZ,NZ,PZ,Z,Z,NZ,PZ,NZ,PZ,Z,PZ,Z,Z,NZ,Z,NZ,Z,NZ,PZ,Z,PZ,Z,PZ,NZ,Z,NZ,PZ,NZ,PZ,NZ,Z,PZ,NZ,P,PZ,Z,Z,NZ,PZ,NZ,Z,NZ,PZ,Z,PZ,Z,Z,NZ,PZ,NZ,PZ,NZ,PZ,NZ,PZ,NZ,PZ,Z,Z,Z,N
CIPLA,20190312,1,1,Z,Z,Z,Z,Z,NN,Z,Z,Z,Z,NN,NN,Z,Z,Z,Z,Z,PZ,NZ,NZ,Z,PZ,NZ,PZ,Z,PZ,NZ,PZ,Z,Z,NZ,Z,Z,Z,NZ,PZ,NZ,PZ,NZ,PZ,NZ,PZ,NZ,PZ,NZ,Z,Z,Z,NN,Z,NN,Z,PZ,NZ,Z,PZ,NZ,PZ,Z,Z,NZ,PZ,NZ,PZ,Z,PZ,Z,Z,NZ,Z,NZ,Z,NZ,PZ,Z,PZ,Z,PZ,NZ,Z,NZ,Z
COALINDIA,20190311,1,0,P,NZ,PP,PP,NZ,Z,PP,NZ,PP,P,Z,Z,PP,Z,PP,Z,PZ,Z,Z,NN,Z,PZ,NZ,Z,N,PZ,NZ,Z,NZ,PZ,NZ,PZ,NZ,Z,NZ,PZ,NZ,PZ,NZ,PZ,Z,PZ,NZ,PP,Z,PZ,NZ,P,Z,PP,Z,Z,Z,N,PP,PZ,NZ,Z,NZ,Z,NZ,Z,NZ,PZ,NZ,PZ,NZ,Z,NZ,PZ,NZ,PZ,NZ,Z,NZ,PZ,NZ,PZ,N,PZ,Z,NN
COALINDIA,20190312,1,1,Z,Z,Z,Z,Z,NN,Z,Z,Z,Z,NN,NN,Z,Z,Z,Z,P,PP,NZ,Z,PP,P,Z,PZ,NZ,Z,NZ,P,Z,PZ,NZ,Z,NZ,Z,NZ,PZ,NZ,Z,NZ,PZ,NZ,Z,NZ,PZ,NZ,PP,Z,Z,NN,Z,NN,PP,PZ,Z,Z,PZ,NZ,Z,N,PZ,NZ,Z,NZ,PZ,NZ,PZ,NZ,Z,NZ,PZ,NZ,PZ,NZ,PZ,Z,PZ,NZ,PP,Z,Z,NZ,Z
DISHTV,20190311,1,0,PP,NZ,PP,PP,NZ,Z,PP,NZ,PZ,PP,NN,Z,P,N,P,N,PZ,Z,N,NN,NN,PZ,N,PZ,NZ,PZ,NZ,PZ,NZ,P,Z,Z,N,Z,N,PZ,NZ,PZ,NZ,PZ,NZ,PZ,NZ,PZ,NZ,Z,NZ,PP,Z,PP,Z,NN,PZ,NN,PP,Z,N,PZ,N,PZ,NZ,PZ,N,PZ,NZ,PZ,NZ,PZ,N,PZ,NZ,PZ,NZ,PZ,NZ,PZ,N,PZ,NN,PZ,Z,NN
DISHTV,20190312,1,1,Z,Z,Z,Z,Z,NN,Z,Z,Z,Z,NN,NN,Z,Z,Z,Z,PP,PZ,NZ,NN,Z,P,NZ,PZ,NZ,PZ,NZ,PZ,NZ,PZ,NZ,PZ,NZ,PZ,NZ,PZ,NZ,PZ,NZ,PZ,NZ,PZ,Z,PZ,N,P,Z,Z,NN,Z,NN,P,PZ,N,PP,PZ,N,PZ,NZ,PZ,NZ,PZ,NZ,P,Z,Z,N,Z,N,PZ,NZ,PZ,NZ,PZ,NZ,PZ,NZ,PZ,NZ,Z,NZ,NN
DLF,20190311,1,0,P,Z,P,P,Z,Z,P,NZ,P,P,Z,Z,PZ,NZ,PZ,N,PZ,Z,NZ,N,Z,PZ,NZ,PZ,NZ,Z,NZ,P,NZ,PZ,NZ,PZ,NZ,PZ,Z,PZ,Z,PZ,Z,PZ,Z,PZ,Z,PZ,Z,PZ,Z,P,Z,P,NZ,Z,Z,N,Z,P,NZ,PZ,NZ,PZ,NZ,PZ,NZ,PZ,Z,PZ,N,PZ,NZ,PZ,NZ,PZ,NZ,PZ,NZ,PZ,NZ,PZ,NZ,PZ,Z,Z
DLF,20190312,1,1,Z,Z,Z,Z,Z,NN,Z,Z,Z,Z,NN,NN,Z,Z,Z,Z,P,P,Z,Z,Z,PZ,NZ,PZ,NZ,PZ,NZ,PZ,Z,PZ,Z,Z,NZ,Z,NZ,PZ,Z,PZ,N,PZ,NZ,PZ,NZ,PZ,Z,PZ,Z,Z,NN,Z,NN,Z,PZ,NZ,Z,PZ,NZ,PZ,NZ,Z,NZ,P,NZ,PZ,NZ,PZ,NZ,PZ,Z,PZ,Z,PZ,Z,PZ,Z,PZ,Z,PZ,Z,Z,Z,Z
DRREDDY,20190311,0,0,PZ,Z,P,P,NZ,Z,P,NZ,Z,P,N,Z,PZ,NZ,PZ,NZ,PZ,Z,NZ,N,N,PZ,NZ,PZ,NZ,PZ,Z,PZ,Z,PZ,NZ,PZ,Z,Z,NZ,Z,NZ,PZ,NZ,Z,NZ,PZ,NZ,PZ,NZ,Z,NZ,P,Z,P,NZ,N,PZ,NZ,Z,PZ,Z,Z,NZ,Z,NZ,Z,NZ,PZ,Z,PZ,NZ,Z,NZ,PZ,Z,PZ,NZ,PZ,Z,PZ,Z,Z,N,PZ,Z,Z
DRREDDY,20190312,1,1,Z,Z,Z,Z,Z,NN,Z,Z,Z,Z,NN,NN,Z,Z,Z,Z,PZ,Z,Z,N,Z,PZ,NZ,PZ,NZ,PZ,Z,PZ,NZ,Z,NZ,PZ,Z,Z,NZ,PZ,NZ,Z,NZ,Z,NZ,PZ,NZ,PZ,Z,Z,Z,Z,NN,Z,NN,Z,PZ,NZ,P,PZ,NZ,PZ,NZ,PZ,Z,PZ,Z,PZ,NZ,PZ,Z,Z,NZ,Z,NZ,PZ,NZ,Z,NZ,PZ,NZ,PZ,NZ,Z,NZ,N
EICHERMOT,20190311,1,0,PP,NZ,PP,PP,NZ,Z,PP,NZ,PP,PP,Z,Z,PZ,NZ,PP,NZ,PZ,PZ,NZ,NZ,P,PZ,Z,P,Z,PZ,NZ,PZ,NZ,PZ,NZ,PZ,Z,Z,NZ,PZ,NZ,Z,NZ,Z,NZ,PZ,NZ,PZ,NZ,P,NZ,PP,Z,PP,Z,P,PZ,NZ,Z,PZ,Z,Z,NZ,Z,NZ,Z,NZ,PZ,Z,Z,NZ,Z,NZ,PZ,Z,PZ,NZ,PZ,NZ,PZ,NZ,Z,NZ,PZ,Z,Z
EICHERMOT,20190312,1,1,Z,Z,Z,Z,Z,NN,Z,Z,Z,Z,NN,NN,Z,Z,Z,Z,PP,PP,NZ,Z,PP,PZ,Z,PZ,NZ,Z,NZ,Z,NZ,PZ,NZ,PZ,Z,PZ,Z,Z,NZ,PZ,NZ,PZ,NZ,P,NZ,PZ,NZ,PP,Z,Z,NN,Z,NN,PP,PZ,NZ,N,PZ,Z,P,Z,PZ,NZ,PZ,NZ,PZ,NZ,PZ,Z,Z,NZ,PZ,NZ,Z,NZ,Z,NZ,PZ,NZ,PZ,NZ,Z,NZ,P
GAIL,20190311,1,0,PZ,NZ,P,PP,NZ,Z,P,NZ,PP,P,Z,Z,P,NZ,P,NZ,PZ,PZ,NZ,NZ,P,PZ,NZ,Z,NZ,PZ,Z,PZ,Z,PZ,NZ,PZ,Z,PZ,Z,PZ,NZ,PZ,NZ,PZ,Z,PZ,NZ,PZ,Z,P,NZ,P,Z,PP,Z,P,P,Z,P,PZ,NZ,Z,NZ,PZ,NZ,Z,NZ,PZ,Z,PZ,NZ,Z,NZ,PZ,NZ,PZ,Z,PZ,NZ,Z,NZ,Z,NZ,Z,NZ,Z
GAIL,20190312,1,1,Z,Z,Z,Z,Z,NN,Z,Z,Z,Z,NN,NN,Z,Z,Z,Z,PZ,PP,NZ,Z,Z,PZ,NZ,PZ,Z,PZ,Z,PZ,Z,Z,NZ,Z,NZ,Z,NZ,PZ,Z,Z,NZ,Z,NZ,PZ,NZ,PZ,NZ,PZ,Z,Z,NN,Z,NN,Z,PZ,NZ,N,PZ,NZ,Z,NZ,PZ,Z,PZ,Z,PZ,NZ,PZ,Z,PZ,Z,PZ,NZ,PZ,NZ,PZ,Z,PZ,NZ,PZ,Z,Z,NZ,P
GRASIM,20190311,1,0,P,Z,PP,PP,Z,Z,PP,Z,PZ,P,NZ,Z,P,NZ,P,NZ,Z,Z,N,NN,Z,PZ,NZ,PZ,NZ,Z,NZ,PZ,Z,Z,NZ,PZ,NZ,PZ,Z,PZ,NZ,PZ,NZ,PZ,Z,PZ,Z,PZ,Z,Z,NZ,P,Z,PP,Z,Z,Z,N,Z,PZ,NZ,P,NZ,PZ,NZ,PZ,NZ,PZ,NZ,PZ,NZ,Z,NZ,PZ,Z,PZ,NZ,PZ,Z,PZ,NZ,PZ,NZ,Z,NZ,N
GRASIM,20190312,1,1,Z,Z,Z,Z,Z,NN,Z,Z,Z,Z,NN,NN,Z,Z,Z,Z,P,PZ,Z,NZ,P,Z,NZ,PZ,Z,PZ,NZ,Z,NZ,PZ,Z,PZ,NZ,PZ,Z,P,NZ,Z,NZ,Z,NZ,Z,NZ,PZ,Z,PP,Z,Z,NN,Z,NN,PP,Z,N,Z,PZ,NZ,PZ,NZ,Z,NZ,PZ,Z,Z,NZ,PZ,NZ,PZ,Z,PZ,NZ,PZ,NZ,PZ,Z,PZ,Z,PZ,Z,Z,NZ,Z
HCLTECH,20190311,0,1,P,Z,P,P,NZ,NZ,P,NZ,Z,PZ,NN,NZ,PZ,N,PZ,N,PZ,Z,N,NN,Z,PZ,NZ,PZ,Z,PZ,NZ,PZ,NZ,Z,NZ,Z,Z,Z,NZ,Z,NZ,PZ,NZ,PZ,NZ,Z,NZ,PZ,NZ,Z,Z,PZ,NZ,P,NZ,N,PZ,NZ,P,PZ,NZ,Z,NZ,PZ,NZ,PZ,NZ,Z,NZ,Z,NZ,Z,NZ,PZ,Z,PZ,NZ,PZ,Z,Z,NZ,Z,NZ,PZ,Z,Z
HCLTECH,20190312,1,1,Z,Z,Z,Z,Z,NN,Z,Z,Z,Z,NN,NN,Z,Z,Z,Z,P,Z,Z,NN,N,PZ,Z,Z,NZ,Z,NZ,PZ,NZ,Z,NZ,Z,NZ,Z,NZ,PZ,Z,Z,NZ,PZ,Z,PZ,Z,PZ,NZ,Z,Z,Z,NN,Z,NN,Z,PZ,N,Z,PZ,NZ,PZ,Z,PZ,NZ,PZ,NZ,Z,NZ,Z,Z,Z,NZ,Z,NZ,PZ,NZ,PZ,NZ,Z,NZ,PZ,NZ,PZ,Z,N
HDFC,20190311,1,0,PZ,NZ,PZ,P,NZ,Z,PZ,NZ,PZ,PZ,Z,Z,PZ,Z,PZ,Z,PZ,Z,NZ,NZ,Z,PZ,NZ,PZ,Z,PZ,NZ,PZ,Z,PZ,Z,Z,Z,Z,NZ,PZ,Z,PZ,NZ,PZ,Z,PZ,Z,PZ,NZ,PZ,NZ,PZ,Z,P,Z,Z,PZ,NZ,Z,Z,NZ,PZ,NZ,PZ,NZ,PZ,Z,Z,Z,Z,NZ,Z,NZ,PZ,NZ,PZ,Z,PZ,Z,PZ,Z,PZ,NZ,PZ,Z,Z
HDFC,20190312,1,1,Z,Z,Z,Z,Z,NN,Z,Z,Z,Z,NN,NN,Z,Z,Z,Z,PZ,PZ,NZ,Z,Z,PZ,Z,PZ,Z,Z,NZ,Z,Z,PZ,Z,Z,NZ,PZ,Z,Z,NZ,PZ,Z,PZ,Z,PZ,NZ,PZ,NZ,PZ,Z,Z,NN,Z,NN,Z,PZ,NZ,Z,PZ,NZ,PZ,Z,PZ,NZ,PZ,Z,PZ,Z,Z,Z,Z,NZ,PZ,Z,PZ,NZ,PZ,Z,PZ,Z,PZ,NZ,Z,NZ,Z
HDFCBANK,20190311,1,0,PZ,Z,PZ,PZ,NZ,NZ,PZ,NZ,P,PZ,Z,Z,PZ,NZ,PZ,NZ,PZ,PZ,NZ,Z,Z,PZ,NZ,PZ,Z,PZ,Z,PZ,Z,Z,NZ,Z,NZ,Z,NZ,PZ,NZ,PZ,Z,PZ,Z,PZ,Z,PZ,Z,PZ,NZ,PZ,Z,PZ,NZ,Z,Z,NZ,Z,PZ,NZ,Z,NZ,Z,NZ,PZ,Z,Z,Z,Z,Z,Z,NZ,PZ,Z,PZ,Z,PZ,Z,PZ,Z,PZ,NZ,PZ,Z,Z
HDFCBANK,20190312,1,1,Z,Z,Z,Z,Z,NN,Z,Z,Z,Z,NN,NN,Z,Z,Z,Z,PZ,P,Z,Z,Z,PZ,NZ,PZ,Z,Z,NZ,PZ,Z,Z,NZ,PZ,Z,Z,NZ,PZ,NZ,PZ,NZ,PZ,NZ,Z,NZ,Z,NZ,Z,Z,Z,NN,Z,NN,Z,PZ,NZ,Z,PZ,NZ,PZ,Z,PZ,Z,PZ,Z,Z,NZ,Z,NZ,Z,NZ,PZ,NZ,PZ,Z,PZ,Z,PZ,Z,PZ,Z,Z,NZ,Z
HEROMOTOCO,20190311,1,0,PP,Z,PP,PP,Z,Z,PP,Z,PP,PP,Z,Z,PZ,N,PZ,N,PZ,Z,NZ,NN,Z,PZ,NZ,PZ,NZ,PZ,Z,Z,NZ,PZ,NZ,Z,NZ,Z,NZ,Z,NZ,PZ,Z,PZ,NZ,PZ,Z,P,Z,PZ,NZ,PP,Z,PP,Z,Z,PZ,N,Z,Z,NZ,PZ,NZ,Z,NZ,Z,NZ,PZ,NZ,PZ,NZ,Z,NZ,PZ,Z,Z,NZ,PZ,Z,Z,NZ,Z,NZ,Z,Z,N
HEROMOTOCO,20190312,1,1,Z,Z,Z,Z,Z,NN,Z,Z,Z,Z,NN,NN,Z,Z,Z,Z,PP,PP,Z,Z,Z,Z,N,PZ,NZ,Z,NZ,PZ,Z,PZ,NZ,PZ,Z,PZ,NZ,PZ,Z,Z,NZ,PZ,NZ,PZ,NZ,PZ,NZ,PP,Z,Z,NN,Z,NN,PP,PZ,NZ,Z,PZ,NZ,PZ,NZ,PZ,Z,Z,NZ,PZ,NZ,Z,NZ,Z,NZ,Z,NZ,PZ,Z,PZ,NZ,PZ,Z,P,Z,Z,NZ,Z
HINDALCO,20190311,1,0,PZ,NZ,P,PP,NZ,Z,P,NZ,PZ,P,NZ,Z,P,NZ,P,NZ,PZ,Z,NZ,NN,Z,PZ,N,PZ,NZ,Z,NZ,PZ,Z,PZ,Z,PZ,NZ,PZ,NZ,PZ,NZ,PZ,Z,PZ,Z,PZ,NZ,PZ,NZ,Z,NZ,P,Z,PP,Z,Z,Z,N,Z,Z,NZ,PZ,NZ,PZ,Z,PZ,Z,PZ,NZ,PZ,NZ,Z,NZ,PZ,Z,PZ,Z,PZ,NZ,Z,NZ,PZ,NZ,P,Z,N
HINDALCO,20190312,1,1,Z,Z,Z,Z,Z,NN,Z,Z,Z,Z,NN,NN,Z,Z,Z,Z,PZ,PZ,NZ,NZ,P,PZ,NZ,PZ,Z,PZ,NZ,Z,NZ,PZ,Z,PZ,NZ,PZ,Z,PZ,Z,PZ,NZ,PZ,Z,Z,NZ,PZ,Z,PP,Z,Z,NN,Z,NN,P,PZ,NZ,Z,PZ,N,PZ,NZ,Z,NZ,PZ,Z,PZ,Z,PZ,NZ,PZ,NZ,PZ,NZ,PZ,Z,PZ,Z,PZ,NZ,PZ,NZ,Z,NZ,Z
HINDPETRO,20190311,1,0,PP,NZ,PP,PP,NZ,Z,PP,NZ,PP,PP,Z,Z,PP,Z,PP,Z,Z,Z,NZ,NZ,P,PZ,NZ,PZ,NZ,PZ,NZ,Z,NZ,Z,NZ,PZ,NZ,PZ,NZ,Z,NZ,PZ,Z,PZ,NZ,PZ,Z,P,Z,PZ,NZ,PP,Z,PP,Z,Z,P,NZ,Z,PZ,Z,PZ,NZ,PZ,N,Z,NZ,PZ,Z,PZ,NZ,PZ,NZ,PZ,Z,PZ,NZ,Z,NZ,PZ,Z,Z,NN,PZ,NZ,Z
HINDPETRO,20190312,1,1,Z,Z,Z,Z,Z,NN,Z,Z,Z,Z,NN,NN,Z,Z,Z,Z,PP,PP,NZ,Z,PP,P,Z,PZ,NZ,PZ,Z,P,NZ,PZ,NZ,PZ,Z,PZ,NZ,PZ,NZ,PZ,NZ,PZ,NZ,PZ,NZ,PZ,NZ,PP,Z,Z,NN,Z,NN,PP,Z,NZ,N,PZ,NZ,PZ,NZ,PZ,NZ,Z,NZ,Z,NZ,PZ,NZ,PZ,NZ,Z,NZ,PZ,Z,PZ,NZ,PZ,Z,P,Z,Z,NZ,Z
HINDUNILVR,20190311,1,0,PZ,NZ,P,P,NZ,Z,P,NZ,PZ,PZ,NZ,Z,PZ,Z,PZ,Z,PZ,PZ,Z,Z,Z,PZ,NZ,Z,NZ,PZ,Z,Z,NZ,Z,NZ,Z,NZ,Z,NZ,Z,NZ,PZ,Z,PZ,Z,PZ,Z,PZ,Z,Z,NZ,PZ,Z,P,Z,Z,PZ,NZ,Z,PZ,NZ,PZ,NZ,PZ,NZ,Z,NZ,Z,Z,Z,NZ,Z,NZ,Z,NZ,PZ,Z,PZ,Z,PZ,NZ,PZ,NZ,Z,Z,Z
HINDUNILVR,20190312,1,1,Z,Z,Z,Z,Z,NN,Z,Z,Z,Z,NN,NN,Z,Z,Z,Z,PZ,PZ,NZ,NZ,Z,PZ,Z,PZ,Z,PZ,NZ,Z,NZ,Z,NZ,Z,Z,Z,NZ,Z,NZ,PZ,NZ,Z,NZ,Z,Z,PZ,NZ,PZ,Z,Z,NN,Z,NN,Z,PZ,Z,Z,PZ,NZ,Z,NZ,PZ,Z,Z,NZ,Z,NZ,Z,NZ,Z,NZ,Z,NZ,PZ,Z,PZ,Z,PZ,Z,PZ,Z,Z,NZ,Z
IBREALEST,20190311,1,0,PZ,NZ,PP,PP,NZ,Z,PP,NZ,P,P,Z,Z,PP,NZ,PP,NZ,P,Z,NZ,NN,N,P,NZ,Z,NZ,P,NZ,PZ,NZ,Z,NZ,PZ,Z,Z,NZ,Z,NZ,PZ,NZ,Z,NZ,PZ,NZ,PZ,NZ,Z,N,P,Z,PP,Z,Z,PZ,N,Z,PZ,Z,PZ,Z,PZ,N,Z,N,PZ,NZ,Z,NZ,PZ,N,PZ,NZ,PZ,NZ,PZ,Z,PZ,NZ,PZ,NZ,PZ,Z,N
IBREALEST,20190312,1,1,Z,Z,Z,Z,Z,NN,Z,Z,Z,Z,NN,NN,Z,Z,Z,Z,PZ,P,NZ,Z,P,P,NZ,P,NZ,PZ,NZ,PZ,Z,P,Z,Z,N,PZ,NZ,PZ,NZ,Z,NZ,PZ,NZ,P,Z,PZ,NZ,P,Z,Z,NN,Z,NN,P,P,NZ,P,P,NZ,Z,NZ,P,NZ,PZ,NZ,Z,NZ,PZ,Z,Z,NZ,Z,NZ,PZ,NZ,Z,NZ,PZ,NZ,PZ,NZ,Z,N,Z
IBULHSGFIN,20190311,0,0,P,NZ,P,PP,NZ,Z,P,NZ,Z,PP,N,Z,P,NZ,P,NZ,PP,P,NZ,NN,NN,PZ,N,PZ,N,PZ,NZ,PZ,NZ,Z,NZ,PZ,NZ,PZ,N,Z,NZ,PZ,NZ,Z,NZ,Z,N,PZ,Z,Z,NZ,PP,Z,PP,Z,NN,PZ,NN,N,P,NZ,PZ,NZ,PZ,NZ,Z,NZ,PZ,NZ,PZ,NZ,PZ,NZ,PZ,NZ,PZ,N,PZ,NZ,PZ,NZ,PZ,Z,PZ,Z,N
IBULHSGFIN,20190312,1,1,Z,Z,Z,Z,Z,NN,Z,Z,Z,Z,NN,NN,Z,Z,Z,Z,P,Z,NZ,N,P,PZ,NZ,PZ,NZ,PZ,Z,PZ,NZ,PZ,Z,Z,NZ,PZ,NZ,PZ,Z,PZ,NZ,PZ,NZ,Z,NZ,PZ,Z,P,Z,Z,NN,Z,NN,P,PP,NZ,PP,PZ,N,PZ,N,PZ,NZ,PZ,NZ,Z,NZ,PZ,NZ,PZ,N,Z,NZ,PZ,NZ,Z,NZ,Z,N,PZ,Z,Z,NZ,NN
ICICIBANK,20190311,1,0,PZ,NZ,P,PP,NZ,NZ,P,NZ,P,PZ,Z,NZ,P,Z,P,Z,PZ,Z,NZ,NZ,Z,PZ,NZ,PZ,Z,Z,NZ,PZ,NZ,PZ,NZ,Z,NZ,Z,NZ,PZ,NZ,PZ,NZ,PZ,Z,PZ,Z,PZ,NZ,PZ,NZ,PZ,NZ,PP,NZ,Z,Z,NZ,Z,PZ,NZ,PZ,Z,PZ,Z,Z,NZ,PZ,NZ,PZ,NZ,Z,NZ,PZ,Z,Z,NZ,PZ,Z,PZ,NZ,PZ,Z,PZ,Z,Z
ICICIBANK,20190312,1,1,Z,Z,Z,Z,Z,NN,Z,Z,Z,Z,NN,NN,Z,Z,Z,Z,PZ,P,NZ,Z,Z,PZ,Z,PZ,Z,PZ,Z,Z,NZ,Z,Z,PZ,Z,PZ,Z,PZ,Z,PZ,NZ,PZ,NZ,PZ,Z,Z,NZ,P,Z,Z,NN,Z,NN,P,PZ,NZ,Z,PZ,NZ,PZ,Z,Z,NZ,PZ,NZ,PZ,NZ,Z,NZ,Z,NZ,PZ,NZ,PZ,NZ,PZ,Z,PZ,Z,PZ,NZ,Z,NZ,Z
IDBI,20190311,1,0,PP,NZ,PP,PP,NZ,Z,PP,NZ,PP,PP,Z,Z,PZ,NZ,PZ,NZ,PZ,Z,NZ,NN,N,PZ,N,Z,N,PZ,NZ,Z,NZ,PZ,NZ,PZ,NZ,PZ,NZ,PZ,NZ,PZ,NZ,PZ,NZ,PZ,NZ,PZ,NZ,Z,NN,PP,Z,PP,Z,N,PZ,NN,PP,Z,NZ,PZ,N,PZ,NZ,PZ,NZ,PZ,NZ,PZ,NZ,PZ,NZ,PZ,NZ,PZ,NZ,PZ,N,PZ,NZ,PZ,N,Z,NZ,NN
IDBI,20190312,1,1,Z,Z,Z,Z,Z,NN,Z,Z,Z,Z,NN,NN,Z,Z,Z,Z,PP,PP,NZ,Z,Z,PZ,NZ,PZ,NZ,PZ,NZ,PZ,Z,PZ,NZ,Z,NZ,Z,NZ,PZ,NZ,PZ,NZ,PZ,NZ,PZ,NZ,Z,NZ,P,Z,Z,NN,Z,NN,P,PZ,NZ,P,PZ,N,Z,N,PZ,NZ,Z,NZ,PZ,NZ,PZ,NZ,PZ,NZ,PZ,NZ,PZ,NZ,PZ,NZ,PZ,NZ,PZ,NZ,Z,NN,N
IDEA,20190311,1,0,P,NZ,PP,PP,NZ,Z,PP,NZ,PP,P,Z,Z,PP,NZ,PP,NZ,P,PP,NZ,Z,P,PZ,NZ,P,NZ,PZ,NZ,PZ,NZ,PZ,NZ,PZ,NZ,PZ,NZ,PZ,NZ,PZ,NZ,PZ,NZ,PZ,NZ,PZ,Z,P,NZ,P,Z,PP,Z,P,P,NZ,Z,PZ,N,PP,NZ,PZ,N,PZ,N,PZ,N,Z,N,PZ,NZ,PZ,NZ,PZ,Z,PZ,NZ,PZ,N,PZ,NZ,PZ,Z,P
IDEA,20190312,1,1,Z,Z,Z,Z,Z,NN,Z,Z,Z,Z,NN,NN,Z,Z,Z,Z,P,PP,NZ,Z,PP,PZ,NZ,PP,Z,PZ,NZ,PZ,Z,PZ,NZ,PZ,NZ,P,Z,PZ,Z,PZ,NZ,PZ,NZ,PZ,NZ,P,NZ,PP,Z,Z,NN,Z,NN,PP,P,NZ,N,PZ,NZ,P,NZ,PZ,NZ,PZ,NZ,PZ,NZ,PZ,NZ,PZ,NZ,PZ,NZ,PZ,NZ,PZ,NZ,PZ,NZ,PZ,Z,Z,NZ,P
IDFC,20190311,1,0,P,NZ,PP,PP,NZ,Z,PP,NZ,PZ,PP,N,Z,PP,NZ,PP,NZ,P,Z,NZ,N,NN,PZ,N,PZ,NZ,PZ,NZ,P,Z,PZ,NZ,PZ,NZ,PZ,NZ,PZ,NZ,PZ,NZ,PZ,NZ,PZ,NZ,PZ,NZ,Z,N,PP,Z,PP,Z,N,PZ,NZ,Z,P,N,P,Z,PZ,NZ,PZ,NZ,PZ,Z,PZ,NZ,PZ,NZ,PZ,NZ,PZ,NZ,PZ,NZ,PZ,NZ,PZ,NZ,PZ,Z,Z
IDFC,20190312,1,1,Z,Z,Z,Z,Z,NN,Z,Z,Z,Z,NN,NN,Z,Z,Z,Z,P,PZ,NZ,N,PP,PZ,NZ,PP,NZ,P,NZ,PZ,Z,PZ,NZ,PZ,Z,PZ,NZ,PZ,Z,PZ,NZ,PZ,Z,PZ,NZ,PZ,NZ,PP,Z,Z,NN,Z,NN,PP,P,NZ,PP,PZ,N,PZ,NZ,PZ,NZ,P,Z,PZ,NZ,PZ,NZ,PZ,NZ,PZ,NZ,PZ,NZ,PZ,NZ,PZ,NZ,PZ,NZ,Z,N,N
INDUSINDBK,20190311,0,1,PZ,NZ,PZ,PZ,N,N,PZ,N,Z,PZ,N,NZ,PZ,NZ,PZ,NZ,PZ,Z,NZ,NZ,Z,PZ,NZ,PZ,NZ,PZ,NZ,PZ,NZ,Z,NZ,PZ,Z,Z,NZ,PZ,NZ,PZ,Z,PZ,Z,PZ,Z,PZ,NZ,Z,NZ,PZ,NZ,PZ,N,Z,PZ,NZ,Z,Z,NZ,Z,NZ,Z,NZ,Z,NZ,Z,NZ,PZ,NZ,PZ,Z,PZ,Z,PZ,NZ,Z,NZ,PZ,Z,Z,NZ,PZ,Z,Z
INDUSINDBK,20190312,1,1,Z,Z,Z,Z,Z,NN,Z,Z,Z,Z,NN,NN,Z,Z,Z,Z,PZ,Z,NZ,N,Z,PZ,NZ,PZ,Z,Z,NZ,PZ,Z,Z,NZ,Z,NZ,Z,NZ,PZ,Z,PZ,NZ,PZ,Z,PZ,NZ,PZ,NZ,Z,Z,Z,NN,Z,NN,Z,PZ,NZ,Z,PZ,NZ,PZ,NZ,PZ,NZ,PZ,NZ,Z,NZ,PZ,Z,Z,NZ,PZ,NZ,PZ,Z,PZ,Z,PZ,Z,PZ,NZ,Z,NZ,Z
INFRATEL,20190311,1,0,PP,NZ,PP,PP,NZ,Z,PP,NZ,PP,PP,NZ,Z,PZ,NZ,P,NZ,P,P,NZ,NZ,N,PZ,NZ,PZ,NZ,PZ,Z,PZ,NZ,PZ,NZ,Z,NZ,PZ,NZ,PZ,NZ,Z,NZ,PZ,Z,PZ,NZ,PZ,NZ,Z,NZ,PP,Z,PP,Z,Z,PZ,NZ,Z,PZ,NZ,Z,NZ,PZ,NZ,PZ,NZ,PZ,Z,Z,NZ,PZ,Z,Z,NZ,Z,NZ,Z,NZ,PZ,NZ,Z,NZ,Z,NZ,Z
INFRATEL,20190312,1,1,Z,Z,Z,Z,Z,NN,Z,Z,Z,Z,NN,NN,Z,Z,Z,Z,PP,PP,NZ,NZ,P,PZ,NZ,PZ,Z,Z,NZ,PZ,Z,PZ,NZ,PZ,Z,Z,NZ,PZ,NZ,PZ,Z,PZ,Z,PZ,NZ,PZ,NZ,PP,Z,Z,NN,Z,NN,PP,P,NZ,P,PZ,NZ,PZ,NZ,PZ,Z,PZ,NZ,PZ,NZ,Z,NZ,PZ,NZ,PZ,NZ,Z,NZ,PZ,Z,PZ,NZ,PZ,NZ,Z,NZ,Z
INFY,20190311,0,1,PZ,NZ,PZ,PZ,NZ,NZ,PZ,NZ,Z,PZ,N,Z,PZ,NZ,PZ,NZ,Z,Z,N,NN,Z,Z,NZ,PZ,Z,PZ,NZ,PZ,NZ,Z,NZ,PZ,Z,Z,NZ,Z,NZ,PZ,NZ,PZ,Z,Z,NZ,Z,NZ,Z,NZ,PZ,Z,PZ,NZ,N,Z,NZ,P,Z,NZ,Z,NZ,Z,NZ,Z,NZ,Z,Z,PZ,Z,Z,NZ,PZ,Z,PZ,Z,PZ,NZ,Z,NZ,Z,NZ,PZ,Z,N
INFY,20190312,1,1,Z,Z,Z,Z,Z,NN,Z,Z,Z,Z,NN,NN,Z,Z,Z,Z,PZ,Z,NZ,N,Z,PZ,Z,Z,NZ,Z,NZ,PZ,NZ,Z,Z,Z,NZ,PZ,Z,Z,NZ,PZ,Z,PZ,Z,Z,NZ,PZ,NZ,Z,Z,Z,NN,Z,NN,Z,Z,N,Z,Z,NZ,PZ,Z,PZ,NZ,PZ,NZ,Z,NZ,PZ,Z,Z,NZ,Z,NZ,PZ,NZ,PZ,Z,Z,NZ,Z,NZ,Z,NZ,N
IOC,20190311,1,0,P,NZ,PP,PP,NZ,Z,PP,NZ,P,PP,Z,Z,PP,NZ,PP,NZ,Z,Z,NN,NN,P,PZ,NZ,PZ,NZ,PZ,NZ,PZ,NZ,Z,NZ,PZ,Z,PZ,NZ,PZ,NZ,PZ,Z,P,NZ,PZ,NZ,PP,NZ,Z,NZ,PP,Z,PP,Z,Z,P,N,PP,PZ,N,Z,NZ,Z,NZ,PZ,NZ,Z,NZ,PZ,NZ,PZ,NZ,PZ,Z,PZ,NZ,PZ,NZ,PZ,NZ,Z,N,PZ,Z,NN
IOC,20190312,1,1,Z,Z,Z,Z,Z,NN,Z,Z,Z,Z,NN,NN,Z,Z,Z,Z,P,P,NZ,Z,P,PZ,NZ,PZ,NZ,PZ,Z,PZ,Z,PZ,Z,PZ,NZ,Z,NZ,PZ,Z,PZ,NZ,Z,NZ,Z,NZ,PZ,NZ,PP,Z,Z,NN,Z,NN,PP,Z,NN,N,PZ,NZ,PZ,NZ,PZ,NZ,PZ,NZ,Z,NZ,PZ,Z,PZ,NZ,PZ,NZ,PZ,Z,P,NZ,PZ,NZ,PP,NZ,Z,NZ,Z
ITC,20190311,1,0,Z,NZ,PZ,PZ,NZ,NZ,PZ,NZ,PZ,PZ,Z,NZ,P,Z,P,Z,PZ,PP,NZ,Z,Z,PZ,NZ,Z,NZ,PZ,NZ,PZ,NZ,PZ,Z,Z,NZ,PZ,Z,PZ,Z,PZ,Z,PZ,Z,PZ,NZ,PZ,Z,PZ,NZ,PZ,NZ,PZ,NZ,Z,PZ,Z,N,PZ,Z,PZ,NZ,PZ,NZ,PZ,Z,Z,NZ,PZ,Z,Z,NZ,PZ,Z,PZ,Z,PZ,NZ,PZ,Z,Z,NZ,Z,NZ,P
ITC,20190312,1,1,Z,Z,Z,Z,Z,NN,Z,Z,Z,Z,NN,NN,Z,Z,Z,Z,Z,PZ,NZ,Z,Z,P,Z,Z,NZ,PZ,Z,PZ,NZ,PZ,NZ,Z,NZ,Z,NZ,PZ,NZ,PZ,NZ,PZ,NZ,Z,NZ,Z,NZ,Z,Z,Z,NN,Z,NN,Z,PZ,NZ,Z,PZ,NZ,Z,NZ,PZ,NZ,PZ,NZ,PZ,Z,Z,NZ,PZ,Z,PZ,Z,PZ,Z,PZ,Z,PZ,NZ,PZ,Z,Z,NZ,Z
JINDALSTEL,20190311,1,0,PZ,NZ,PP,PP,NZ,Z,PP,NZ,Z,P,N,Z,PP,NZ,PP,NZ,PZ,Z,NZ,N,Z,PZ,N,PZ,NZ,PZ,NZ,PZ,Z,PZ,NZ,PZ,NZ,PZ,NZ,PZ,NZ,PZ,Z,PZ,Z,PZ,Z,PZ,NZ,Z,NZ,P,Z,PP,Z,N,Z,N,N,Z,N,PZ,Z,PZ,NZ,P,NZ,P,NZ,P,NZ,Z,N,P,Z,P,NZ,PZ,NZ,PZ,NZ,PZ,NZ,P,Z,Z
JINDALSTEL,20190312,1,1,Z,Z,Z,Z,Z,NN,Z,Z,Z,Z,NN,NN,Z,Z,Z,Z,PZ,Z,NZ,N,PP,PZ,NZ,P,Z,PZ,NZ,PZ,Z,PZ,NZ,PZ,NZ,PZ,NZ,PZ,NZ,PZ,NZ,PZ,NZ,PZ,NZ,P,NZ,PP,Z,Z,NN,Z,NN,PP,PZ,NZ,Z,PZ,N,PZ,NZ,PZ,NZ,PZ,Z,PZ,NZ,PZ,NZ,PZ,NZ,PZ,NZ,PZ,Z,PZ,Z,PZ,Z,PZ,NZ,Z,NZ,N
JSWSTEEL,20190311,1,0,PZ,NZ,P,PP,NZ,Z,P,NZ,PZ,P,NZ,Z,P,N,P,N,PZ,Z,NZ,N,Z,PZ,NZ,PZ,NZ,Z,NZ,PZ,NZ,PZ,NZ,Z,NZ,PZ,NZ,PZ,Z,PZ,Z,PZ,Z,PZ,Z,PZ,NZ,Z,NZ,P,Z,PP,Z,Z,Z,N,Z,Z,NZ,PZ,Z,PZ,Z,PZ,Z,P,Z,P,Z,Z,NZ,PZ,NZ,PZ,NZ,PZ,NZ,PZ,NZ,Z,NZ,PZ,Z,Z
JSWSTEEL,20190312,1,1,Z,Z,Z,Z,Z,NN,Z,Z,Z,Z,NN,NN,Z,Z,Z,Z,PZ,PZ,NZ,NZ,Z,Z,N,PZ,Z,PZ,NZ,PZ,NZ,PZ,Z,Z,NZ,PZ,Z,PZ,NZ,PZ,NZ,PZ,NZ,Z,NZ,P,Z,P,Z,Z,NN,Z,NN,P,PZ,NZ,Z,PZ,NZ,PZ,NZ,Z,NZ,PZ,NZ,PZ,NZ,Z,NZ,PZ,NZ,PZ,Z,PZ,Z,PZ,Z,PZ,Z,PZ,NZ,Z,NZ,Z
KOTAKBANK,20190311,1,0,PZ,NZ,P,PZ,NZ,NZ,P,NZ,PZ,Z,NZ,NZ,PZ,NZ,PZ,NZ,PZ,Z,NZ,N,Z,PZ,NZ,PZ,NZ,Z,NZ,PZ,Z,Z,Z,PZ,Z,Z,NZ,PZ,Z,PZ,Z,PZ,Z,PZ,Z,Z,NZ,PZ,Z,Z,NZ,PZ,NZ,Z,Z,NZ,Z,PZ,NZ,Z,NZ,PZ,Z,PZ,Z,PZ,Z,Z,NZ,Z,NZ,Z,NZ,PZ,NZ,Z,NZ,PZ,NZ,Z,NZ,PZ,Z,Z
KOTAKBANK,20190312,1,1,Z,Z,Z,Z,Z,NN,Z,Z,Z,Z,NN,NN,Z,Z,Z,Z,PZ,PZ,NZ,NZ,Z,PZ,NZ,Z,NZ,PZ,Z,PZ,Z,PZ,Z,PZ,NZ,PZ,NZ,Z,NZ,Z,NZ,PZ,Z,PZ,Z,PZ,NZ,P,Z,Z,NN,Z,NN,P,PZ,NZ,Z,PZ,NZ,PZ,NZ,Z,NZ,PZ,Z,Z,Z,PZ,Z,Z,NZ,PZ,Z,PZ,Z,PZ,Z,PZ,Z,Z,NZ,PZ,Z,Z
LICHSGFIN,20190311,1,0,P,Z,PP,PP,Z,Z,PP,Z,PP,P,Z,Z,P,NZ,P,NZ,PZ,PZ,NZ,NZ,P,PZ,NZ,PZ,Z,PZ,Z,PZ,NZ,PZ,NZ,PZ,NZ,PZ,Z,PZ,Z,PZ,Z,PZ,NZ,PZ,Z,P,Z,P,NZ,P,Z,PP,Z,P,Z,N,N,PZ,NZ,PZ,Z,PZ,NZ,PZ,NZ,PZ,NZ,PZ,NZ,PZ,NZ,PZ,Z,PZ,NZ,PZ,Z,PZ,Z,PZ,NZ,PZ,Z,Z
LICHSGFIN,20190312,1,1,Z,Z,Z,Z,Z,NN,Z,Z,Z,Z,NN,NN,Z,Z,Z,Z,P,PP,Z,Z,Z,P,NZ,Z,NZ,Z,NZ,Z,Z,PZ,NZ,Z,NZ,Z,NZ,PZ,NZ,PZ,NZ,PZ,NZ,PZ,NZ,PZ,NZ,P,Z,Z,NN,Z,NN,P,PZ,NZ,N,PZ,NZ,PZ,Z,PZ,Z,PZ,NZ,PZ,NZ,PZ,NZ,PZ,Z,PZ,Z,PZ,Z,PZ,NZ,PZ,Z,P,Z,Z,NZ,P
LT,20190311,0,0,PZ,NZ,PZ,PZ,NZ,Z,PZ,NZ,Z,PZ,NZ,Z,PZ,NZ,PZ,NZ,PZ,PP,NZ,Z,N,PZ,NZ,PZ,NZ,Z,NZ,Z,NZ,PZ,Z,Z,Z,PZ,NZ,Z,NZ,Z,NZ,PZ,NZ,PZ,NZ,PZ,Z,Z,NZ,PZ,Z,PZ,Z,Z,Z,N,NN,P,Z,P,Z,PZ,Z,PZ,NZ,Z,Z,Z,NZ,Z,NZ,Z,NZ,PZ,NZ,PZ,Z,PZ,NZ,PZ,NZ,PZ,Z,PP
LT,20190312,1,1,Z,Z,Z,Z,Z,NN,Z,Z,Z,Z,NN,NN,Z,Z,Z,Z,PZ,Z,NZ,NZ,Z,PZ,NZ,PZ,Z,Z,NZ,Z,NZ,PZ,Z,Z,NZ,Z,Z,PZ,Z,PZ,Z,PZ,NZ,PZ,Z,PZ,NZ,PZ,Z,Z,NN,Z,NN,Z,PZ,NZ,P,PZ,NZ,PZ,NZ,Z,NZ,Z,NZ,PZ,Z,Z,Z,PZ,NZ,Z,NZ,Z,NZ,PZ,NZ,PZ,NZ,PZ,Z,Z,NZ,Z
LUPIN,20190311,0,0,PZ,NZ,PP,PP,NZ,Z,PP,NZ,Z,PZ,NN,Z,P,Z,P,Z,PZ,P,NZ,Z,NN,PZ,NZ,PZ,Z,PZ,NZ,PZ,NZ,Z,NZ,PZ,NZ,PZ,NZ,Z,NZ,PZ,NZ,PZ,NZ,Z,N,Z,N,Z,NZ,PZ,Z,PP,Z,NN,PZ,NZ,Z,P,Z,PZ,NZ,Z,NZ,PZ,NZ,PZ,NZ,Z,NZ,Z,NZ,PZ,NZ,PZ,NZ,PZ,Z,PZ,NZ,PZ,N,Z,NZ,Z
LUPIN,20190312,1,1,Z,Z,Z,Z,Z,NN,Z,Z,Z,Z,NN,NN,Z,Z,Z,Z,PZ,Z,NZ,NN,P,PZ,Z,PZ,Z,PZ,Z,PZ,Z,PZ,Z,Z,NZ,Z,NZ,PZ,Z,PZ,NZ,PZ,Z,PZ,Z,PZ,Z,P,Z,Z,NN,Z,NN,P,PZ,NZ,P,PZ,NZ,PZ,Z,PZ,NZ,PZ,NZ,Z,NZ,PZ,NZ,PZ,NZ,Z,NZ,PZ,NZ,PZ,NZ,Z,N,Z,N,Z,NZ,NN
M&M,20190311,1,0,PZ,Z,P,PP,Z,Z,P,Z,PZ,P,NZ,Z,P,NZ,P,NZ,PZ,PP,NZ,Z,N,PZ,NZ,PZ,NZ,PZ,NZ,PZ,NZ,PZ,Z,PZ,NZ,Z,NZ,Z,NZ,PZ,NZ,PZ,NZ,PZ,NZ,Z,NZ,Z,NZ,P,Z,PP,Z,Z,PZ,NZ,NN,PZ,NZ,PZ,Z,PP,Z,Z,NZ,P,Z,PZ,NZ,PZ,NZ,PZ,NZ,PZ,NZ,PZ,NZ,PZ,NZ,Z,NZ,Z,Z,P
M&M,20190312,1,1,Z,Z,Z,Z,Z,NN,Z,Z,Z,Z,NN,NN,Z,Z,Z,Z,PZ,PZ,Z,NZ,Z,PZ,NZ,Z,NZ,PZ,Z,PZ,Z,PZ,Z,PZ,Z,Z,NZ,PZ,Z,PZ,NZ,Z,NZ,Z,NZ,PZ,Z,P,Z,Z,NN,Z,NN,P,PZ,NZ,P,PZ,NZ,PZ,NZ,PZ,NZ,PZ,NZ,PZ,Z,PZ,NZ,Z,NZ,Z,NZ,PZ,NZ,PZ,NZ,PZ,NZ,Z,NZ,Z,NZ,Z
MARUTI,20190311,1,0,PZ,Z,P,PP,Z,Z,P,Z,PZ,P,NZ,Z,P,NZ,P,NZ,PZ,Z,NZ,N,Z,PZ,NZ,PZ,Z,Z,Z,PZ,Z,PZ,NZ,PZ,Z,Z,NZ,PZ,NZ,PZ,Z,PZ,NZ,PZ,NZ,PZ,NZ,Z,NZ,P,Z,PP,Z,Z,PZ,NZ,Z,Z,NZ,PZ,Z,PZ,Z,Z,NZ,Z,NZ,PZ,Z,Z,NZ,PZ,Z,PZ,Z,PZ,NZ,PZ,Z,Z,NZ,PZ,Z,Z
MARUTI,20190312,1,1,Z,Z,Z,Z,Z,NN,Z,Z,Z,Z,NN,NN,Z,Z,Z,Z,PZ,PZ,Z,NZ,Z,PZ,NZ,PZ,Z,PZ,Z,PZ,Z,PZ,Z,Z,NZ,PZ,Z,Z,NZ,Z,NZ,Z,NZ,Z,NZ,PZ,NZ,P,Z,Z,NN,Z,NN,P,PZ,NZ,Z,PZ,NZ,PZ,Z,Z,Z,PZ,Z,PZ,NZ,PZ,Z,Z,NZ,PZ,NZ,PZ,Z,PZ,NZ,PZ,NZ,PZ,NZ,Z,NZ,Z
NMDC,20190311,1,0,PZ,NZ,PZ,PZ,N,N,P,N,PP,Z,Z,N,P,NZ,P,NZ,PZ,Z,NZ,NZ,PP,P,Z,P,NZ,PZ,NZ,PZ,Z,Z,NZ,PZ,NZ,PZ,NZ,PZ,NZ,PZ,Z,Z,NZ,PZ,Z,P,NZ,PP,NZ,Z,N,PZ,N,PP,PZ,NZ,Z,PZ,NZ,PZ,NZ,PZ,NZ,PZ,NZ,PZ,NZ,PZ,NZ,Z,N,PZ,Z,PZ,Z,PZ,Z,PZ,NZ,P,Z,P,Z,P
NMDC,20190312,1,1,Z,Z,Z,Z,Z,NN,Z,Z,Z,Z,NN,NN,Z,Z,Z,Z,PZ,PP,NZ,Z,P,PZ,NZ,PZ,Z,PZ,Z,PZ,NZ,PZ,NZ,Z,NZ,PZ,NZ,PZ,Z,Z,NZ,PZ,Z,PZ,NZ,PZ,Z,P,Z,Z,NN,Z,NN,P,PZ,NZ,NN,P,Z,P,NZ,PZ,NZ,PZ,Z,Z,NZ,PZ,NZ,PZ,NZ,PZ,NZ,PZ,Z,Z,NZ,PZ,Z,P,NZ,PZ,NZ,PP
NTPC,20190311,1,0,PZ,N,PP,PP,N,NZ,PP,N,PP,P,Z,NZ,PP,NZ,PP,NZ,P,PZ,N,NN,P,PZ,NZ,PZ,NZ,PZ,NZ,Z,NZ,PZ,NZ,PZ,Z,PZ,NZ,PZ,NZ,P,Z,PZ,NZ,PZ,NZ,PP,NZ,PP,NZ,P,NZ,PP,NZ,PP,PZ,NZ,P,PZ,NZ,Z,N,Z,NZ,PZ,NZ,Z,NZ,Z,NZ,Z,NZ,PZ,NZ,PZ,Z,PZ,Z,Z,Z,Z,N,Z,NZ,N
NTPC,20190312,1,1,Z,Z,Z,Z,Z,NN,Z,Z,Z,Z,NN,NN,Z,Z,Z,Z,PZ,PP,N,Z,Z,PZ,NZ,P,Z,PZ,NZ,P,Z,Z,NZ,PZ,NZ,P,NZ,P,Z,PZ,N,PZ,NZ,PZ,NN,Z,NN,Z,Z,Z,NN,Z,NN,N,P,N,N,PZ,NZ,PZ,NZ,PZ,NZ,Z,NZ,PZ,NZ,PZ,Z,PZ,NZ,PZ,NZ,P,Z,PZ,NZ,PZ,NZ,PP,NZ,Z,NZ,PP
ONGC,20190311,1,0,P,Z,P,PP,Z,Z,P,Z,P,PP,NZ,Z,PZ,NZ,PZ,NZ,PZ,Z,NN,NN,Z,PZ,NZ,PZ,NZ,PZ,NZ,PZ,NZ,PZ,Z,PZ,NZ,Z,NZ,PZ,NZ,PZ,NZ,PZ,NZ,PZ,NZ,PP,Z,Z,NZ,PP,Z,PP,Z,Z,PZ,NZ,Z,Z,NZ,PZ,NZ,Z,NZ,PZ,NZ,PZ,Z,PZ,Z,Z,NZ,Z,NZ,PZ,NZ,PZ,NZ,PZ,NZ,PZ,NZ,PZ,Z,N
ONGC,20190312,1,1,Z,Z,Z,Z,Z,NN,Z,Z,Z,Z,NN,NN,Z,Z,Z,Z,P,P,Z,NZ,Z,PZ,NZ,PZ,Z,Z,NZ,PZ,Z,Z,NZ,PZ,Z,Z,NZ,PZ,Z,Z,NZ,Z,NZ,PZ,Z,Z,NZ,P,Z,Z,NN,Z,NN,P,PZ,NN,Z,PZ,NZ,PZ,NZ,PZ,NZ,PZ,NZ,PZ,Z,PZ,NZ,Z,NZ,PZ,NZ,PZ,NZ,PZ,NZ,PZ,NZ,PP,Z,Z,NZ,Z
PFC,20190311,0,0,P,NZ,PP,PP,NZ,NZ,PP,NZ,Z,P,NN,NZ,P,NZ,P,NZ,PZ,Z,NZ,NN,NN,PZ,NZ,Z,NZ,PZ,N,PZ,NZ,Z,N,PZ,NZ,PZ,NZ,Z,NZ,PZ,Z,PZ,Z,PZ,Z,P,Z,Z,NZ,P,NZ,PP,NZ,NN,PZ,N,P,PZ,NZ,PZ,NZ,Z,NZ,PZ,NZ,PZ,Z,PZ,NZ,Z,NZ,PZ,NZ,PZ,Z,PZ,Z,PZ,NZ,PZ,NZ,PZ,Z,NN
PFC,20190312,1,1,Z,Z,Z,Z,Z,NN,Z,Z,Z,Z,NN,NN,Z,Z,Z,Z,P,Z,NZ,NN,P,PZ,Z,PZ,NZ,Z,NZ,P,Z,PZ,NZ,PZ,NZ,PZ,NZ,P,Z,Z,NZ,PZ,NZ,PZ,NZ,PZ,NZ,PP,Z,Z,NN,Z,NN,PP,PZ,NZ,PP,PZ,NZ,Z,NZ,PZ,N,PZ,NZ,Z,N,PZ,NZ,PZ,NZ,Z,NZ,PZ,Z,PZ,Z,PZ,Z,P,Z,Z,NZ,NN
PNB,20190311,1,0,P,Z,PP,PP,Z,Z,PP,Z,PZ,P,N,Z,P,NZ,P,NZ,PZ,PP,NZ,Z,N,PZ,N,PZ,NZ,PZ,NZ,PZ,Z,PZ,NZ,PZ,NZ,PZ,NZ,PZ,NZ,Z,NZ,PZ,NZ,PZ,Z,PZ,NZ,Z,NZ,P,Z,PP,Z,N,PZ,N,NN,PZ,NZ,P,Z,Z,NZ,P,NZ,PP,Z,PZ,NZ,Z,NZ,PZ,NZ,PZ,NZ,PZ,NZ,PZ,NZ,PZ,NZ,PZ,Z,PP
PNB,20190312,1,1,Z,Z,Z,Z,Z,NN,Z,Z,Z,Z,NN,NN,Z,Z,Z,Z,P,PZ,Z,N,Z,P,Z,PZ,NZ,PZ,NZ,PZ,NZ,PZ,NZ,PZ,NZ,PZ,NZ,PZ,NZ,PZ,NZ,PZ,Z,PZ,Z,PZ,NZ,P,Z,Z,NN,Z,NN,P,PZ,NZ,P,PZ,N,PZ,NZ,PZ,NZ,PZ,Z,PZ,NZ,PZ,NZ,PZ,NZ,PZ,NZ,Z,NZ,PZ,NZ,PZ,Z,PZ,NZ,Z,NZ,N
POWERGRID,20190311,1,0,PZ,NZ,PP,PP,NZ,Z,PP,NZ,PZ,P,NZ,Z,PP,Z,PP,Z,PZ,PZ,NZ,Z,Z,PZ,NZ,PZ,NZ,Z,NZ,PZ,NZ,PZ,Z,PZ,Z,PZ,NZ,PZ,Z,PZ,Z,PZ,Z,PZ,NZ,PZ,NZ,Z,NZ,P,Z,PP,Z,Z,P,NZ,Z,PZ,NZ,Z,NZ,Z,NZ,PZ,NZ,PZ,Z,Z,NZ,PZ,NZ,P,NZ,PZ,NZ,PZ,NZ,PZ,NZ,PZ,NZ,Z,NZ,Z
POWERGRID,20190312,1,1,Z,Z,Z,Z,Z,NN,Z,Z,Z,Z,NN,NN,Z,Z,Z,Z,PZ,PZ,NZ,NZ,PP,PZ,Z,PZ,Z,PZ,Z,PZ,NZ,PZ,Z,PZ,NZ,P,NZ,PZ,Z,PZ,NZ,PZ,Z,PZ,NZ,PZ,NZ,PP,Z,Z,NN,Z,NN,PP,PZ,NZ,Z,PZ,NZ,PZ,NZ,Z,NZ,PZ,NZ,PZ,Z,PZ,Z,PZ,NZ,PZ,Z,PZ,Z,PZ,Z,PZ,NZ,PZ,NZ,Z,NZ,Z
RCOM,20190311,0,1,P,NN,P,PZ,NN,NN,P,NN,Z,PZ,NN,NN,PZ,NN,PZ,NN,Z,Z,NN,NN,Z,PZ,N,PZ,NZ,Z,NZ,P,Z,Z,NZ,PZ,Z,PZ,Z,Z,NZ,Z,NZ,Z,N,P,Z,PZ,NZ,Z,Z,PZ,NN,PZ,NN,NN,Z,NN,PP,Z,N,PZ,NZ,Z,NZ,Z,N,PZ,NZ,PZ,NZ,PZ,NZ,Z,NZ,P,Z,PZ,NZ,PZ,N,PZ,NZ,Z,N,NN
RCOM,20190312,1,1,Z,Z,Z,Z,Z,NN,Z,Z,Z,Z,NN,NN,Z,Z,Z,Z,P,Z,NN,NN,NN,PZ,NZ,PZ,NZ,Z,NZ,Z,NZ,Z,NN,Z,N,Z,NN,Z,NZ,PZ,N,PZ,NN,Z,NN,Z,NN,Z,Z,Z,NN,Z,NN,NN,Z,NN,Z,PZ,N,PZ,NZ,Z,NZ,P,Z,Z,NZ,PZ,Z,PZ,Z,Z,NZ,Z,NZ,Z,N,P,Z,PZ,NZ,P,Z,NN
RELCAPITAL,20190311,0,0,PP,NZ,PP,P,NZ,NN,PP,NZ,PP,PZ,NZ,NN,PZ,N,PZ,N,P,Z,NZ,NN,Z,PZ,N,Z,NZ,Z,NZ,PP,Z,Z,N,PZ,N,PZ,NZ,PZ,Z,P,Z,PZ,N,P,NZ,PZ,NZ,P,Z,PZ,NN,P,NN,P,P,NN,N,PP,NZ,PZ,N,PZ,NZ,PZ,NZ,PZ,NZ,PZ,NZ,Z,NZ,PZ,NZ,PZ,N,P,NZ,P,Z,PZ,NZ,PZ,Z,N
RELCAPITAL,20190312,1,1,Z,Z,Z,Z,Z,NN,Z,Z,Z,Z,NN,NN,Z,Z,Z,Z,PP,PP,NZ,NZ,Z,PZ,N,P,NZ,PZ,NZ,PZ,NZ,PZ,NZ,Z,N,PZ,NZ,PZ,NZ,Z,NZ,PZ,NZ,PZ,Z,PZ,Z,PP,Z,Z,NN,Z,NN,PP,P,NZ,Z,PZ,N,Z,NZ,Z,NZ,PP,Z,Z,N,PZ,N,PZ,NZ,PZ,Z,P,Z,PZ,N,P,NZ,PZ,NZ,PP,Z,P
RELIANCE,20190311,1,0,P,NZ,P,PP,NZ,Z,PP,NZ,P,P,Z,Z,PZ,NZ,P,NZ,PZ,PZ,Z,Z,Z,PZ,NZ,PZ,NZ,PZ,NZ,PZ,Z,Z,NZ,Z,NZ,Z,NZ,PZ,NZ,PZ,NZ,PZ,NZ,PZ,Z,PZ,Z,Z,NZ,P,Z,PP,Z,Z,P,NZ,Z,PZ,NZ,PZ,NZ,PZ,Z,Z,NZ,Z,NZ,PZ,NZ,Z,NZ,PZ,Z,PZ,Z,PZ,NZ,PZ,Z,Z,NZ,PZ,Z,Z
RELIANCE,20190312,1,1,Z,Z,Z,Z,Z,NN,Z,Z,Z,Z,NN,NN,Z,Z,Z,Z,P,P,NZ,Z,P,PZ,NZ,PZ,Z,PZ,Z,Z,NZ,PZ,Z,PZ,Z,PZ,Z,PZ,Z,PZ,NZ,PZ,NZ,PZ,NZ,P,Z,PP,Z,Z,NN,Z,NN,PP,PZ,Z,Z,PZ,NZ,PZ,NZ,PZ,NZ,PZ,Z,Z,NZ,Z,NZ,Z,NZ,PZ,NZ,PZ,NZ,PZ,NZ,PZ,Z,PZ,Z,Z,NZ,Z
RELINFRA,20190311,0,1,PP,NZ,PP,PP,NZ,NN,PP,NZ,Z,PZ,NN,NN,PP,N,PP,N,P,Z,NZ,NN,NN,PZ,N,PZ,NZ,Z,NZ,PP,Z,Z,N,PZ,NZ,Z,N,PZ,NZ,PZ,Z,Z,NN,PZ,NZ,PZ,NZ,Z,Z,PZ,NN,PP,NN,NN,P,NN,Z,P,NZ,PZ,NZ,PZ,N,PZ,NZ,PZ,Z,PZ,NZ,Z,N,PZ,NZ,PZ,NZ,PZ,NZ,PZ,NZ,PZ,NZ,Z,NZ,N
RELINFRA,20190312,1,1,Z,Z,Z,Z,Z,NN,Z,Z,Z,Z,NN,NN,Z,Z,Z,Z,PP,Z,NZ,NN,P,Z,N,P,Z,PZ,NZ,P,NZ,PZ,NZ,PZ,N,PZ,NZ,PZ,NZ,Z,NZ,PZ,Z,PZ,NZ,P,NZ,PP,Z,Z,NN,Z,NN,PP,P,NZ,PP,PZ,N,PZ,NZ,Z,NZ,PP,Z,Z,N,PZ,NZ,Z,N,PZ,NZ,PZ,Z,Z,NN,PZ,NZ,PZ,NZ,PP,Z,NN
RPOWER,20190311,0,1,PP,N,PP,PP,N,NN,PP,N,Z,P,NN,NN,P,NN,P,NN,P,Z,NZ,NN,NN,Z,NN,PZ,NZ,Z,NZ,PP,NZ,Z,N,Z,N,PZ,N,PZ,NZ,Z,N,PZ,N,P,NZ,PZ,NZ,Z,Z,P,NN,PP,NN,NN,PZ,N,P,PZ,NZ,PZ,NZ,Z,N,PZ,NZ,P,Z,PZ,NZ,Z,NN,PZ,N,P,NZ,Z,N,Z,NZ,PZ,N,PZ,Z,NN
RPOWER,20190312,1,1,Z,Z,Z,Z,Z,NN,Z,Z,Z,Z,NN,NN,Z,Z,Z,Z,PP,Z,N,NN,N,P,NZ,PZ,N,PZ,NZ,Z,NZ,PZ,NZ,Z,NZ,PZ,NZ,Z,NZ,PZ,NZ,PZ,NZ,PZ,NZ,PZ,NZ,P,Z,Z,NN,Z,NN,P,P,NZ,PP,Z,NN,PZ,NZ,Z,NZ,PP,NZ,Z,N,Z,N,PZ,N,PZ,NZ,Z,N,PZ,N,P,NZ,PZ,NZ,PP,Z,NN
SAIL,20190311,1,0,PZ,Z,PP,PP,Z,Z,PP,Z,Z,P,N,Z,PP,NZ,PP,NZ,Z,Z,N,NN,N,PZ,NZ,PZ,NZ,PZ,NZ,PZ,Z,PZ,NZ,Z,NZ,Z,NZ,PZ,NZ,PZ,Z,PZ,Z,PZ,NZ,PZ,NZ,Z,NZ,P,Z,PP,Z,N,PZ,NN,Z,PZ,NZ,P,Z,Z,NZ,PZ,NZ,P,Z,P,Z,Z,N,PZ,Z,PZ,NZ,PZ,NZ,PZ,NZ,Z,NZ,Z,Z,NN
SAIL,20190312,1,1,Z,Z,Z,Z,Z,NN,Z,Z,Z,Z,NN,NN,Z,Z,Z,Z,PZ,Z,Z,N,P,PZ,NZ,PZ,NZ,Z,NZ,PZ,NZ,P,Z,PZ,NZ,PZ,Z,PZ,NZ,PZ,NZ,PZ,NZ,PZ,NZ,PZ,NZ,PP,Z,Z,NN,Z,NN,PP,Z,N,P,PZ,NZ,PZ,NZ,PZ,NZ,PZ,Z,PZ,NZ,Z,NZ,Z,NZ,PZ,NZ,PZ,Z,PZ,Z,PZ,NZ,PZ,NZ,Z,NZ,N
SBIN,20190311,1,0,PZ,NZ,P,PP,NZ,Z,P,NZ,P,P,Z,Z,P,Z,P,Z,PZ,P,NZ,Z,Z,PZ,NZ,PZ,Z,PZ,NZ,PZ,Z,Z,NZ,Z,NZ,PZ,Z,PZ,Z,PZ,NZ,PZ,NZ,PZ,Z,PZ,Z,Z,N,P,Z,PP,Z,Z,PZ,NZ,N,PZ,NZ,Z,NZ,PZ,NZ,PZ,NZ,PZ,Z,PZ,NZ,Z,NZ,PZ,Z,PZ,Z,PZ,Z,PZ,NZ,PZ,NZ,PZ,Z,P
SBIN,20190312,1,1,Z,Z,Z,Z,Z,NN,Z,Z,Z,Z,NN,NN,Z,Z,Z,Z,PZ,P,NZ,Z,Z,P,Z,PZ,Z,PZ,NZ,Z,NZ,Z,NZ,Z,NZ,Z,NZ,PZ,Z,PZ,NZ,PZ,Z,PZ,Z,PZ,NZ,P,Z,Z,NN,Z,NN,P,PZ,NZ,Z,PZ,NZ,PZ,Z,PZ,NZ,PZ,Z,Z,NZ,Z,NZ,PZ,Z,PZ,Z,PZ,NZ,PZ,NZ,PZ,Z,PZ,Z,Z,N,Z
SIEMENS,20190312,1,1,Z,Z,Z,Z,Z,NN,Z,Z,Z,Z,NN,NN,Z,Z,Z,Z,PZ,P,Z,Z,PP,PZ,NZ,PZ,Z,PZ,NZ,PZ,Z,Z,NZ,Z,NZ,PZ,Z,Z,NZ,PZ,NZ,PZ,Z,P,NZ,PZ,NZ,PP,Z,Z,NN,Z,NN,PP,PZ,NZ,Z,PZ,NZ,PZ,NZ,Z,NZ,PZ,NZ,Z,NZ,PZ,Z,Z,NZ,PZ,Z,PZ,Z,PZ,NZ,PZ,NZ,PZ,NZ,Z,Z,Z
SUNPHARMA,20190311,1,0,PZ,NZ,P,P,NZ,NZ,P,NZ,PP,PZ,Z,NZ,PZ,NZ,PZ,NZ,P,Z,NZ,NN,Z,PZ,NZ,PZ,NZ,PZ,NZ,PZ,Z,Z,NZ,PZ,Z,Z,NZ,PZ,Z,PZ,Z,Z,NZ,PZ,Z,PZ,NZ,P,NZ,PZ,NZ,P,NZ,P,P,NZ,P,PZ,NZ,PZ,NZ,PZ,NZ,PZ,Z,PZ,Z,Z,NZ,Z,N,PZ,NZ,PZ,NZ,PZ,NZ,PZ,NZ,PZ,NZ,PZ,Z,N
SUNPHARMA,20190312,1,1,Z,Z,Z,Z,Z,NN,Z,Z,Z,Z,NN,NN,Z,Z,Z,Z,PZ,PP,NZ,Z,Z,PZ,NZ,PZ,Z,PZ,NZ,PZ,Z,Z,NZ,PZ,NZ,Z,NZ,PZ,Z,PZ,NZ,PZ,NZ,Z,NZ,PZ,NZ,PZ,Z,Z,NN,Z,NN,Z,P,NZ,Z,PZ,NZ,PZ,NZ,PZ,NZ,PZ,Z,Z,NZ,PZ,Z,Z,NZ,PZ,Z,PZ,Z,Z,NZ,PZ,Z,PZ,NZ,Z,NZ,P
SUNTV,20190311,0,0,PZ,NZ,PP,PP,NZ,Z,PP,NZ,Z,P,NN,Z,PP,NZ,PP,NZ,PZ,Z,NZ,N,NN,Z,N,PZ,NZ,Z,NZ,PZ,NZ,Z,NZ,Z,NZ,Z,N,PZ,NZ,PZ,Z,PZ,Z,PZ,Z,PZ,Z,Z,NZ,P,Z,PP,Z,NN,PZ,N,Z,PZ,NZ,PZ,NZ,PZ,NZ,Z,NZ,PZ,NZ,PZ,NZ,Z,N,PZ,Z,PZ,NZ,PZ,NZ,PZ,NZ,PZ,NZ,Z,NZ,N
SUNTV,20190312,1,1,Z,Z,Z,Z,Z,NN,Z,Z,Z,Z,NN,NN,Z,Z,Z,Z,PZ,Z,NZ,NN,P,Z,NZ,PZ,NZ,PZ,NZ,PZ,Z,Z,NZ,Z,NZ,P,NZ,PZ,NZ,Z,NZ,PZ,Z,Z,NZ,PZ,NZ,PP,Z,Z,NN,Z,NN,PP,PZ,NZ,PP,Z,N,PZ,NZ,Z,NZ,PZ,NZ,Z,NZ,Z,NZ,Z,N,PZ,NZ,PZ,Z,PZ,Z,PZ,Z,PZ,Z,Z,NZ,NN
TATAGLOBAL,20190311,1,1,P,Z,PP,PP,Z,NZ,PP,Z,Z,PZ,NN,NZ,PP,NZ,PP,NZ,PZ,Z,NZ,N,N,PZ,NZ,PZ,NZ,Z,NZ,PZ,Z,Z,NZ,Z,NZ,Z,NZ,PZ,NZ,Z,NZ,PZ,Z,PZ,NZ,PZ,NZ,Z,Z,PZ,NZ,PP,NZ,N,PZ,NZ,Z,P,NZ,Z,N,PZ,NZ,Z,NZ,PZ,NZ,Z,NZ,PZ,Z,PZ,NZ,PZ,Z,PZ,Z,Z,NZ,Z,NZ,PZ,Z,N
TATAGLOBAL,20190312,1,1,Z,Z,Z,Z,Z,NN,Z,Z,Z,Z,NN,NN,Z,Z,Z,Z,P,Z,Z,NN,PP,PZ,NZ,P,NZ,PZ,Z,PZ,NZ,PZ,NZ,PP,NZ,PZ,NZ,PZ,NZ,Z,N,PZ,Z,PZ,NZ,PZ,NZ,PP,Z,Z,NN,Z,NN,PP,PZ,NZ,P,PZ,NZ,PZ,NZ,Z,NZ,PZ,Z,Z,NZ,Z,NZ,Z,NZ,PZ,NZ,Z,NZ,PZ,Z,PZ,NZ,PZ,NZ,PZ,Z,N
TATAMOTORS,20190311,0,0,PZ,NZ,P,P,NZ,Z,P,NZ,Z,P,NN,Z,PZ,NZ,PZ,NZ,PZ,Z,NZ,NN,NN,PZ,NN,PZ,NZ,Z,NZ,PZ,Z,PZ,Z,PZ,NZ,Z,NZ,PZ,NZ,Z,NZ,PZ,NZ,PZ,NZ,PZ,N,Z,NZ,P,Z,P,Z,NN,PZ,N,Z,Z,N,PZ,NZ,PZ,NZ,PZ,Z,P,Z,PZ,NZ,PZ,NZ,PZ,NZ,PZ,NZ,PZ,NZ,PZ,NZ,PZ,NZ,P,Z,N
TATAMOTORS,20190312,1,1,Z,Z,Z,Z,Z,NN,Z,Z,Z,Z,NN,NN,Z,Z,Z,Z,PZ,Z,NZ,NN,Z,PZ,NZ,PZ,NZ,PZ,Z,PZ,NZ,P,Z,Z,NZ,PZ,NZ,PZ,Z,Z,NZ,Z,NZ,Z,NZ,Z,NZ,Z,Z,Z,NN,Z,NN,Z,PZ,NZ,PP,PZ,NN,PZ,NZ,Z,NZ,PZ,Z,PZ,Z,PZ,NZ,Z,NZ,PZ,NZ,Z,NZ,PZ,NZ,PZ,NZ,PZ,N,Z,NZ,NN
TATAMTRDVR,20190311,0,0,PZ,NZ,PZ,P,NZ,Z,PZ,NZ,Z,P,N,Z,PZ,NZ,PZ,NZ,PZ,Z,NZ,NN,NN,Z,NN,PZ,NZ,Z,N,PZ,NZ,P,Z,PZ,NZ,Z,NZ,PZ,NZ,Z,NZ,PZ,Z,PZ,NZ,PZ,NZ,Z,N,P,Z,P,Z,N,PZ,N,Z,PZ,N,PZ,NZ,PZ,NZ,P,NZ,P,Z,P,NZ,Z,NZ,PZ,NZ,PZ,NZ,PZ,NZ,PZ,NZ,PZ,NZ,P,Z,N
TATAMTRDVR,20190312,1,1,Z,Z,Z,Z,Z,NN,Z,Z,Z,Z,NN,NN,Z,Z,Z,Z,PZ,Z,NZ,N,Z,PZ,NZ,PZ,Z,PZ,NZ,PZ,NZ,PZ,Z,Z,NZ,PZ,NZ,PZ,Z,PZ,NZ,PZ,NZ,PZ,NZ,PZ,NZ,PZ,Z,Z,NN,Z,NN,Z,PZ,NZ,P,Z,NN,PZ,NZ,Z,N,PZ,NZ,P,Z,PZ,NZ,Z,NZ,PZ,NZ,Z,NZ,PZ,Z,PZ,NZ,PZ,NZ,Z,N,N
TATAPOWER,20190311,1,0,PZ,NZ,P,PP,NZ,Z,P,NZ,PZ,P,Z,Z,P,NZ,P,NZ,PZ,Z,NZ,NN,Z,PZ,N,PZ,NZ,Z,NZ,PZ,NZ,PZ,NZ,PZ,NZ,PZ,NZ,PZ,Z,PZ,NZ,Z,NZ,PZ,NZ,P,NZ,Z,NZ,P,Z,PP,Z,Z,P,NN,P,P,Z,PZ,NZ,Z,NZ,PZ,NZ,PZ,NZ,Z,NZ,Z,NZ,Z,NZ,PZ,NZ,PZ,NZ,Z,NZ,Z,NZ,PZ,Z,NN
TATAPOWER,20190312,1,1,Z,Z,Z,Z,Z,NN,Z,Z,Z,Z,NN,NN,Z,Z,Z,Z,PZ,PZ,NZ,Z,P,PZ,NZ,PZ,NZ,PZ,NZ,PZ,NZ,PZ,NZ,Z,NZ,PZ,NZ,PZ,NZ,PZ,NZ,PZ,NZ,PZ,NZ,Z,NZ,P,Z,Z,NN,Z,NN,P,PZ,NZ,Z,PZ,N,PZ,NZ,Z,NZ,PZ,NZ,PZ,NZ,PZ,NZ,PZ,NZ,PZ,Z,PZ,NZ,Z,NZ,PZ,NZ,P,NZ,Z,N,Z
TATASTEEL,20190311,1,0,PZ,Z,PP,PP,Z,Z,PP,Z,Z,P,N,Z,P,NZ,P,NZ,PZ,Z,NZ,NZ,N,PZ,NZ,PZ,NZ,PZ,NZ,PZ,Z,PZ,NZ,Z,NZ,Z,NZ,PZ,NZ,PZ,Z,PZ,Z,PZ,NZ,Z,NZ,Z,NZ,P,Z,PP,Z,N,Z,NZ,Z,Z,NZ,PZ,Z,PZ,NZ,PZ,Z,PZ,NZ,PZ,Z,PZ,NZ,PZ,Z,PZ,NZ,PZ,NZ,Z,NZ,PZ,NZ,PZ,Z,Z
TATASTEEL,20190312,1,1,Z,Z,Z,Z,Z,NN,Z,Z,Z,Z,NN,NN,Z,Z,Z,Z,PZ,Z,Z,N,P,Z,NZ,PZ,Z,PZ,Z,PZ,Z,PZ,Z,PZ,NZ,PZ,Z,PZ,Z,PZ,NZ,PZ,NZ,Z,NZ,PZ,NZ,PP,Z,Z,NN,Z,NN,PP,PZ,NZ,P,PZ,NZ,PZ,NZ,PZ,NZ,PZ,Z,PZ,NZ,Z,NZ,Z,NZ,PZ,NZ,PZ,Z,PZ,Z,PZ,NZ,Z,NZ,Z,NZ,N
TCS,20190311,0,1,PZ,NZ,PZ,PZ,N,NZ,PZ,N,PZ,PZ,Z,Z,PZ,N,PZ,N,Z,PZ,NZ,Z,Z,PZ,NZ,PZ,Z,PZ,Z,PZ,Z,Z,NZ,PZ,Z,Z,NZ,Z,NZ,PZ,Z,PZ,Z,Z,NZ,Z,NZ,Z,NZ,PZ,Z,PZ,NZ,Z,PZ,NZ,Z,PZ,NZ,PZ,NZ,PZ,Z,Z,NZ,PZ,Z,PZ,Z,PZ,NZ,PZ,NZ,PZ,Z,Z,NZ,Z,NZ,PZ,Z,Z,NZ,Z
TCS,20190312,1,1,Z,Z,Z,Z,Z,NN,Z,Z,Z,Z,NN,NN,Z,Z,Z,Z,PZ,PZ,NZ,Z,Z,PZ,Z,Z,NZ,Z,NZ,Z,NZ,PZ,NZ,Z,NZ,Z,Z,Z,Z,PZ,NZ,PZ,Z,PZ,NZ,Z,NZ,Z,Z,Z,NN,Z,NN,Z,Z,NZ,Z,PZ,NZ,PZ,Z,PZ,Z,PZ,Z,Z,NZ,PZ,Z,Z,NZ,Z,NZ,PZ,Z,PZ,Z,Z,NZ,Z,NZ,Z,NZ,Z
TECHM,20190311,1,0,PZ,NZ,PZ,PZ,N,N,PZ,N,PZ,PZ,NZ,NZ,PZ,NZ,PZ,NZ,PZ,Z,NZ,NN,Z,Z,NZ,PZ,Z,PZ,NZ,PZ,Z,PZ,NZ,PZ,NZ,Z,NZ,Z,NZ,PZ,Z,PZ,Z,PZ,Z,PZ,Z,PZ,NZ,PZ,NZ,PZ,N,Z,PZ,NZ,P,PZ,NZ,PZ,NZ,Z,NZ,Z,NZ,PZ,Z,PZ,NZ,Z,NZ,PZ,Z,PZ,Z,Z,NZ,PZ,NZ,Z,NZ,Z,NZ,N
TECHM,20190312,1,1,Z,Z,Z,Z,Z,NN,Z,Z,Z,Z,NN,NN,Z,Z,Z,Z,PZ,PZ,NZ,NZ,Z,PZ,Z,PZ,NZ,Z,NZ,Z,NZ,PZ,NZ,PZ,NZ,Z,NZ,PZ,NZ,PZ,Z,PZ,Z,Z,NZ,PZ,NZ,Z,Z,Z,NN,Z,NN,Z,PZ,NZ,Z,Z,NZ,PZ,Z,PZ,NZ,PZ,Z,PZ,NZ,PZ,NZ,Z,NZ,Z,NZ,PZ,Z,PZ,Z,PZ,Z,PZ,Z,Z,NZ,Z
TITAN,20190311,1,0,P,Z,P,P,Z,Z,P,Z,PP,P,Z,Z,PZ,NZ,PZ,NZ,PZ,Z,NZ,NN,Z,PZ,NZ,P,NZ,PZ,NZ,PZ,NZ,Z,NZ,PZ,NZ,PZ,NZ,PZ,Z,PZ,Z,Z,NZ,PZ,NZ,PZ,NZ,PZ,NZ,P,Z,P,Z,Z,PZ,N,P,Z,NZ,PZ,NZ,PZ,NZ,PZ,NZ,PZ,NZ,PZ,NZ,Z,NZ,PZ,Z,PZ,NZ,PZ,NZ,PZ,NZ,PZ,NZ,Z,Z,NN
TITAN,20190312,1,1,Z,Z,Z,Z,Z,NN,Z,Z,Z,Z,NN,NN,Z,Z,Z,Z,P,PP,Z,Z,Z,PZ,NZ,PZ,Z,Z,NZ,PZ,Z,Z,NZ,Z,NZ,PZ,Z,PZ,Z,PZ,NZ,PZ,NZ,PZ,Z,PZ,NZ,P,Z,Z,NN,Z,NN,P,PZ,NZ,Z,PZ,NZ,P,NZ,PZ,NZ,PZ,NZ,Z,NZ,PZ,NZ,PZ,NZ,PZ,Z,PZ,Z,Z,NZ,PZ,NZ,PZ,NZ,Z,NZ,Z
ULTRACEMCO,20190311,1,0,PZ,NZ,P,P,NZ,NZ,P,NZ,P,PZ,Z,NZ,P,NZ,P,NZ,PZ,Z,NZ,NN,P,PZ,NZ,PZ,NZ,PZ,NZ,PZ,Z,PZ,NZ,PZ,Z,PZ,Z,PZ,Z,PZ,Z,PZ,Z,PZ,Z,PZ,Z,P,Z,PZ,NZ,P,NZ,P,PZ,NZ,P,Z,NZ,PZ,Z,Z,NZ,PZ,NZ,PZ,NZ,Z,NZ,Z,NZ,PZ,NZ,PZ,NZ,Z,NZ,Z,NZ,PZ,NZ,Z,NZ,N
ULTRACEMCO,20190312,1,1,Z,Z,Z,Z,Z,NN,Z,Z,Z,Z,NN,NN,Z,Z,Z,Z,PZ,P,NZ,Z,P,PZ,NZ,PZ,Z,PZ,Z,Z,NZ,PZ,Z,Z,NZ,PZ,Z,PZ,Z,PZ,NZ,PZ,Z,Z,NZ,PZ,Z,P,Z,Z,NN,Z,NN,P,PZ,NZ,N,PZ,NZ,PZ,NZ,PZ,NZ,PZ,Z,PZ,NZ,PZ,Z,PZ,Z,PZ,Z,PZ,Z,PZ,Z,PZ,Z,PZ,Z,Z,Z,P
UNIONBANK,20190311,1,0,PZ,NZ,PP,PP,NZ,Z,PP,NZ,PZ,PP,NZ,Z,PP,Z,PP,Z,P,P,Z,Z,NN,Z,N,PZ,NZ,PZ,NZ,PZ,Z,PZ,NZ,PZ,NZ,PZ,NZ,PZ,NZ,PZ,NZ,PZ,NZ,PZ,NZ,PZ,NZ,Z,N,PP,Z,PP,Z,N,PZ,NZ,N,PZ,NZ,PZ,Z,PZ,NZ,PZ,NZ,PP,NZ,PZ,N,Z,N,PZ,NZ,PZ,NZ,PZ,NZ,PZ,N,PZ,NZ,PZ,Z,P
UNIONBANK,20190312,1,1,Z,Z,Z,Z,Z,NN,Z,Z,Z,Z,NN,NN,Z,Z,Z,Z,PZ,PZ,NZ,NZ,PP,P,Z,PZ,Z,PZ,NZ,Z,NZ,PZ,NZ,P,Z,P,Z,PZ,Z,PZ,NZ,PZ,NZ,P,Z,PZ,NZ,PP,Z,Z,NN,Z,NN,PP,P,Z,PP,Z,N,PZ,NZ,PZ,NZ,PZ,Z,PZ,NZ,PZ,NZ,PZ,NZ,PZ,NZ,PZ,NZ,PZ,NZ,PZ,NZ,PZ,NZ,Z,N,N
UPL,20190311,1,0,PZ,NZ,P,P,NZ,Z,P,NZ,PP,P,Z,Z,PZ,NZ,PZ,NZ,PZ,Z,NZ,N,P,PZ,NZ,PZ,NZ,Z,NZ,PZ,NZ,PZ,NZ,PZ,Z,PZ,Z,PZ,Z,P,Z,PZ,NZ,PZ,Z,PZ,NZ,P,NZ,P,Z,P,Z,P,Z,NZ,Z,PZ,NZ,PZ,Z,Z,NZ,PZ,NZ,PZ,NZ,PZ,NZ,Z,NZ,PZ,Z,PZ,NZ,PZ,NZ,PZ,Z,PZ,NZ,PZ,Z,Z
UPL,20190312,1,1,Z,Z,Z,Z,Z,NN,Z,Z,Z,Z,NN,NN,Z,Z,Z,Z,PZ,PP,NZ,Z,Z,PZ,NZ,PZ,NZ,PZ,Z,Z,NZ,PZ,NZ,PZ,NZ,Z,NZ,Z,NZ,Z,Z,PZ,Z,Z,NZ,PZ,Z,PZ,Z,Z,NN,Z,NN,Z,PZ,NZ,N,PZ,NZ,PZ,NZ,Z,NZ,PZ,NZ,PZ,NZ,PZ,Z,PZ,Z,PZ,Z,P,Z,PZ,NZ,PZ,Z,PZ,NZ,Z,NZ,P
VEDL,20190311,1,0,PZ,NZ,PP,PP,NZ,Z,PP,NZ,PZ,P,NZ,Z,P,NZ,PP,NZ,PZ,Z,NZ,NN,Z,PZ,NZ,PZ,Z,PZ,NZ,PZ,NZ,PZ,NZ,Z,NZ,PZ,NZ,PZ,Z,PZ,NZ,Z,NZ,PZ,NZ,PZ,NZ,Z,NZ,P,Z,PP,Z,N,Z,NN,Z,Z,N,PZ,Z,PZ,NZ,PZ,Z,PZ,NZ,PZ,NZ,PZ,NZ,PZ,Z,PZ,Z,PZ,Z,PZ,NZ,Z,NZ,P,Z,N
VEDL,20190312,1,1,Z,Z,Z,Z,Z,NN,Z,Z,Z,Z,NN,NN,Z,Z,Z,Z,PZ,PZ,NZ,NZ,P,PZ,NZ,P,Z,PZ,NZ,PZ,NZ,PZ,NZ,Z,NZ,Z,NZ,PZ,NZ,PZ,Z,PZ,NZ,Z,NZ,Z,NZ,P,Z,Z,NN,Z,NN,P,PZ,NZ,Z,PZ,NZ,PZ,Z,PZ,NZ,PZ,NZ,PZ,NZ,Z,NZ,PZ,NZ,PZ,Z,PZ,NZ,Z,NZ,PZ,NZ,PZ,NZ,Z,NZ,N
VOLTAS,20190311,1,0,P,Z,PP,PP,Z,Z,PP,Z,P,P,Z,Z,PP,NZ,PP,NZ,PZ,Z,NZ,N,Z,PZ,NZ,PZ,NZ,PZ,Z,PZ,Z,Z,NZ,PZ,NZ,PZ,Z,PZ,NZ,PZ,NZ,PZ,Z,PZ,NZ,PZ,Z,PZ,NZ,P,Z,PP,Z,Z,PZ,NZ,Z,PZ,NZ,PZ,Z,PZ,NZ,Z,NZ,PZ,Z,Z,NZ,Z,NZ,PZ,Z,PZ,NZ,Z,NZ,Z,NZ,PZ,NZ,PZ,Z,Z
VOLTAS,20190312,1,1,Z,Z,Z,Z,Z,NN,Z,Z,Z,Z,NN,NN,Z,Z,Z,Z,P,P,Z,Z,PP,PZ,Z,PZ,NZ,PZ,NZ,PZ,Z,PZ,NZ,PZ,NZ,PZ,Z,PZ,Z,PZ,NZ,PZ,Z,PZ,Z,P,Z,PP,Z,Z,NN,Z,NN,PP,PZ,NZ,Z,PZ,NZ,PZ,NZ,PZ,Z,PZ,Z,Z,NZ,PZ,NZ,PZ,Z,PZ,NZ,PZ,NZ,PZ,Z,PZ,NZ,PZ,Z,Z,NZ,Z
WIPRO,20190311,0,0,PZ,NZ,PZ,P,NZ,Z,PZ,NZ,Z,PZ,N,Z,PZ,NZ,PZ,NZ,PZ,Z,N,NN,N,Z,NZ,PZ,NZ,Z,NZ,PZ,NZ,PZ,NZ,PZ,NZ,PZ,NZ,Z,NZ,PZ,NZ,Z,NZ,PZ,Z,Z,NZ,Z,NZ,PZ,Z,P,Z,N,PZ,N,PP,PZ,N,PZ,NZ,PZ,NZ,PZ,NZ,PZ,NZ,Z,NZ,Z,NZ,PZ,Z,PZ,Z,Z,NZ,PZ,N,PZ,NZ,PP,Z,NN
WIPRO,20190312,1,1,Z,Z,Z,Z,Z,NN,Z,Z,Z,Z,NN,NN,Z,Z,Z,Z,PZ,Z,NZ,N,Z,PZ,NZ,PZ,NZ,PZ,NZ,Z,NZ,PZ,Z,Z,NZ,PZ,Z,PZ,Z,Z,NZ,PZ,Z,PZ,NZ,Z,NZ,PZ,Z,Z,NN,Z,NN,Z,PZ,N,P,Z,NZ,PZ,NZ,Z,NZ,PZ,NZ,PZ,NZ,PZ,NZ,PZ,NZ,Z,NZ,PZ,NZ,Z,NZ,PZ,Z,Z,NZ,Z,NZ,N
WOCKPHARMA,20190311,1,0,PZ,NZ,PP,PP,NZ,Z,PP,NZ,PZ,P,NZ,Z,P,NZ,PP,NZ,P,Z,NZ,N,N,PZ,NZ,Z,NN,PZ,NZ,PZ,Z,PZ,NZ,PZ,NZ,PZ,NZ,Z,NZ,PZ,Z,PZ,NZ,PZ,NZ,PZ,NZ,Z,NZ,P,Z,PP,Z,Z,PZ,NZ,P,PZ,NZ,PZ,NZ,Z,NZ,Z,NZ,PZ,Z,PZ,Z,Z,NZ,PZ,Z,PZ,Z,PZ,NZ,PZ,N,PZ,N,PZ,Z,Z
WOCKPHARMA,20190312,1,1,Z,Z,Z,Z,Z,NN,Z,Z,Z,Z,NN,NN,Z,Z,Z,Z,PZ,PZ,NZ,NZ,PP,PZ,NZ,PZ,NZ,PZ,Z,PZ,Z,PZ,NZ,PZ,NZ,Z,NZ,PZ,NZ,Z,NZ,PZ,Z,PP,Z,PZ,NZ,PP,Z,Z,NN,Z,NN,PP,P,NZ,P,PZ,NZ,Z,NN,PZ,NZ,PZ,Z,PZ,NZ,PZ,NZ,PZ,NZ,Z,NZ,PZ,Z,PZ,NZ,PZ,NZ,PZ,NZ,Z,NZ,Z
YESBANK,20190311,1,0,PZ,NZ,PP,PP,NZ,NZ,PP,NZ,P,P,Z,NZ,P,NZ,P,NZ,PZ,Z,NZ,NN,Z,Z,N,PZ,NZ,PZ,NZ,PZ,Z,Z,NZ,PZ,NZ,PZ,NZ,PZ,NZ,PZ,NZ,PZ,NZ,PZ,NZ,PZ,NZ,PZ,NZ,P,NZ,PP,NZ,Z,PZ,N,Z,Z,NZ,PZ,NZ,PZ,NZ,Z,N,PZ,Z,PZ,NZ,PZ,NZ,PZ,Z,PZ,NZ,PZ,Z,PZ,NZ,PZ,NZ,PZ,Z,N
YESBANK,20190312,1,1,Z,Z,Z,Z,Z,NN,Z,Z,Z,Z,NN,NN,Z,Z,Z,Z,PZ,P,NZ,Z,P,PZ,NZ,P,Z,PZ,NZ,PZ,Z,P,Z,PZ,NZ,PZ,NZ,PZ,Z,PZ,NZ,PZ,NZ,PZ,NZ,Z,NZ,P,Z,Z,NN,Z,NN,P,PZ,NZ,Z,Z,N,PZ,NZ,PZ,NZ,PZ,Z,Z,NZ,PZ,NZ,PZ,NZ,PZ,NZ,PZ,NZ,PZ,NZ,PZ,NZ,PZ,NZ,Z,NZ,Z
ZEEL,20190311,0,1,PZ,NZ,PZ,P,N,NZ,PZ,N,PZ,P,NZ,NZ,Z,N,Z,N,PZ,Z,N,NN,Z,PZ,NZ,PZ,NZ,PZ,NZ,PZ,Z,P,NZ,Z,NZ,Z,NZ,PZ,NZ,PZ,Z,PZ,NZ,PZ,NZ,PZ,NZ,Z,NZ,P,NZ,P,NZ,Z,PZ,NN,PP,Z,N,PZ,NZ,Z,NZ,PZ,NZ,PZ,NZ,P,Z,PZ,NZ,PZ,NZ,PZ,NZ,PZ,NZ,Z,NZ,Z,N,PZ,NZ,NN
ZEEL,20190312,1,1,Z,Z,Z,Z,Z,NN,Z,Z,Z,Z,NN,NN,Z,Z,Z,Z,PZ,PZ,NZ,NZ,N,Z,N,PZ,NZ,PZ,NZ,PZ,NZ,PZ,NZ,PZ,NZ,PZ,NZ,PZ,NZ,Z,NZ,PZ,NZ,PZ,NZ,PZ,NZ,Z,Z,Z,NN,Z,NN,Z,PZ,N,Z,PZ,NZ,PZ,NZ,PZ,NZ,PZ,Z,P,NZ,Z,NZ,Z,NZ,PZ,NZ,PZ,Z,PZ,NZ,PZ,NZ,PZ,NZ,Z,NZ,Z
Test_Name1,19000101,0,0,P,N,P,P,N,N,P,N,P,P,N,N,P,N,P,N,P,P,N,N,N,P,N,P,N,P,N,P,N,P,N,P,N,P,N,P,N,P,N,P,N,P,N,P,N,P,N,P,N,P,N,N,P,N,N,P,N,P,N,P,N,P,N,P,N,P,N,P,N,P,N,P,N,P,N,P,N,P,N,P,N,N
Test_Name2,19000101,0,0,PP,NN,PP,PP,NN,NN,PP,NN,PP,PP,NN,NN,PP,NN,PP,NN,PP,PP,NN,NN,NN,PP,NN,PP,NN,PP,NN,PP,NN,PP,NN,PP,NN,PP,NN,PP,NN,PP,NN,PP,NN,PP,NN,PP,NN,PP,NN,PP,NN,PP,NN,NN,PP,NN,NN,PP,NN,PP,NN,PP,NN,PP,NN,PP,NN,PP,NN,PP,NN,PP,NN,PP,NN,PP,NN,PP,NN,PP,NN,PP,NN,NN
Test_Name3,19000101,0,0,PZ,NZ,PZ,PZ,NZ,NZ,PZ,NZ,PZ,PZ,NZ,NZ,PZ,NZ,PZ,NZ,PZ,PZ,NZ,NZ,P,PZ,NZ,PZ,NZ,PZ,NZ,PZ,NZ,PZ,NZ,PZ,NZ,PZ,NZ,PZ,NZ,PZ,NZ,PZ,NZ,PZ,NZ,PZ,NZ,PZ,NZ,PZ,NZ,PZ,NZ,P,PZ,NZ,P,PZ,NZ,PZ,NZ,PZ,NZ,PZ,NZ,PZ,NZ,PZ,NZ,PZ,NZ,PZ,NZ,PZ,NZ,PZ,NZ,PZ,NZ,PZ,NZ,PZ,NZ,P
Test_Name4,19000101,0,0,Z,Z,Z,Z,Z,Z,Z,Z,Z,Z,Z,Z,Z,Z,Z,Z,Z,Z,Z,Z,PP,Z,Z,Z,Z,Z,Z,Z,Z,Z,Z,Z,Z,Z,Z,Z,Z,Z,Z,Z,Z,Z,Z,Z,Z,Z,Z,Z,Z,Z,Z,PP,Z,Z,PP,Z,Z,Z,Z,Z,Z,Z,Z,Z,Z,Z,Z,Z,Z,Z,Z,Z,Z,Z,Z,Z,Z,Z,Z,Z,Z,PP
Test_Name5,19000101,0,0,Z,Z,Z,Z,Z,Z,Z,Z,Z,Z,Z,Z,Z,Z,Z,Z,Z,Z,Z,Z,Z,Z,Z,Z,Z,Z,Z,Z,Z,Z,Z,Z,Z,Z,Z,Z,Z,Z,Z,Z,Z,Z,Z,Z,Z,Z,Z,Z,Z,Z,Z,Z,Z,Z,Z,Z,Z,Z,Z,Z,Z,Z,Z,Z,Z,Z,Z,Z,Z,Z,Z,Z,Z,Z,Z,Z,Z,Z,Z,Z,Z,Z
