Name,Date,N_DAY_MAX_GRT_N-1_DAY_MAX,N_Day_Max_Lt_N-1_Close,N_Day_Min_Grt_N-1_Close,N_DAY_MIN_LT_N-1_DAY_MIN,N_09:00_To_09:30_Max_Minus_09:00_Open,N_09:00_To_09:30_Min_Minus_09:00_Open,N_09:00_To_13:45_Max_Minus_09:00_Open,N_09:00_To_13:45_Max_Minus_N-1_Close,N_09:00_To_13:45_Min_Minus_09:00_Open,N_09:00_To_13:45_Min_Minus_N-1_Close,N_09:00_To_15:00_Max_Minus_09:00_Open,N_09:00_To_15:00_Min_Minus_09:00_Open,N_09:30_MAX_MINUS_N-1_09:00_Open,N_09:30_MAX_MINUS_N-1_EOD_CLOSE,N_09:30_Min_MINUS_N-1_09:00_Open,N_09:30_Min_MINUS_N-1_EOD_CLOSE,N_09:30_To_13:45_Max_Minus_N_09:30_Open,N_09:30_To_13:45_Min_Minus_N_09:30_Open,N_09:30_To_15:00_Max_Minus_N_09:30_Open,N_09:30_To_15:00_Min_Minus_N_09:30_Open,N-1_09:00_To_09:30_MAX_MINUS_09:00_OPEN,N-1_09:00_To_09:30_Max_Minus_N-2_09:00_Open,N-1_09:00_To_09:30_MIN_MINUS_09:00_OPEN,N-1_09:00_To_09:30_Min_Minus_N-2_09:00_Open,N-1_09:30_Open_Minus_N-1_EOD_Close,N-1_09:30_To_10:00_MAX_MINUS_09:30_OPEN,N-1_09:30_To_10:00_MIN_MINUS_09:30_OPEN,N-1_10:00_To_10:30_MAX_MINUS_10:00_OPEN,N-1_10:00_To_10:30_MIN_MINUS_10:00_OPEN,N-1_10:30_To_11:00_MAX_MINUS_10:30_OPEN,N-1_10:30_To_11:00_MIN_MINUS_10:30_OPEN,N-1_11:00_To_11:30_MAX_MINUS_11:00_OPEN,N-1_11:00_To_11:30_MIN_MINUS_11:00_OPEN,N-1_11:30_To_12:00_MAX_MINUS_11:30_OPEN,N-1_11:30_To_12:00_MIN_MINUS_11:30_OPEN,N-1_12:00_To_12:30_MAX_MINUS_12:00_OPEN,N-1_12:00_To_12:30_MIN_MINUS_12:00_OPEN,N-1_12:30_To_13:00_MAX_MINUS_12:30_OPEN,N-1_12:30_To_13:00_MIN_MINUS_12:30_OPEN,N-1_13:00_To_13:30_MAX_MINUS_13:00_OPEN,N-1_13:00_To_13:30_MIN_MINUS_13:00_OPEN,N-1_13:30_To_14:00_MAX_MINUS_13:30_OPEN,N-1_13:30_To_14:00_MIN_MINUS_13:30_OPEN,N-1_14:00_To_14:30_MAX_MINUS_14:00_OPEN,N-1_14:00_To_14:30_MIN_MINUS_14:00_OPEN,N-1_14:30_To_15:00_MAX_MINUS_14:30_OPEN,N-1_14:30_To_15:00_MIN_MINUS_14:30_OPEN,N-1_15:00_To_15:30_MAX_MINUS_15:00_OPEN,N-1_15:00_To_15:30_MIN_MINUS_15:00_OPEN,N-1_15:30_To_EOD_MAX_MINUS_N_09:00_OPEN,N-1_15:30_To_EOD_MIN_MINUS_N_09:00_OPEN,N-1_Close_Minus_N_09:00_To_09:30_Max,N-1_Close_Minus_N_09:00_To_09:30_Min_,N-1_Close_Minus_N_09:00_To_15:00_Max,N-1_Close_Minus_N_09:00_To_15:00_Min_,N-1_EOD_Close_Minus_N-1_09:00_Open,N-2_09:00_To_09:30_MAX_MINUS_09:00_OPEN,N-2_09:00_To_09:30_MIN_MINUS_09:00_OPEN,N-2_09:30_Open_Minus_N-2_EOD_Close,N-2_09:30_To_10:00_MAX_MINUS_09:30_OPEN,N-2_09:30_To_10:00_MIN_MINUS_09:30_OPEN,N-2_10:00_To_10:30_MAX_MINUS_10:00_OPEN,N-2_10:00_To_10:30_MIN_MINUS_10:00_OPEN,N-2_10:30_To_11:00_MAX_MINUS_10:30_OPEN,N-2_10:30_To_11:00_MIN_MINUS_10:30_OPEN,N-2_11:00_To_11:30_MAX_MINUS_11:00_OPEN,N-2_11:00_To_11:30_MIN_MINUS_11:00_OPEN,N-2_11:30_To_12:00_MAX_MINUS_11:30_OPEN,N-2_11:30_To_12:00_MIN_MINUS_11:30_OPEN,N-2_12:00_To_12:30_MAX_MINUS_12:00_OPEN,N-2_12:00_To_12:30_MIN_MINUS_12:00_OPEN,N-2_12:30_To_13:00_MAX_MINUS_12:30_OPEN,N-2_12:30_To_13:00_MIN_MINUS_12:30_OPEN,N-2_13:00_To_13:30_MAX_MINUS_13:00_OPEN,N-2_13:00_To_13:30_MIN_MINUS_13:00_OPEN,N-2_13:30_To_14:00_MAX_MINUS_13:30_OPEN,N-2_13:30_To_14:00_MIN_MINUS_13:30_OPEN,N-2_14:00_To_14:30_MAX_MINUS_14:00_OPEN,N-2_14:00_To_14:30_MIN_MINUS_14:00_OPEN,N-2_14:30_To_15:00_MAX_MINUS_14:30_OPEN,N-2_14:30_To_15:00_MIN_MINUS_14:30_OPEN,N-2_15:00_To_15:30_MAX_MINUS_15:00_OPEN,N-2_15:00_To_15:30_MIN_MINUS_15:00_OPEN,N-2_15:30_To_EOD_MAX_MINUS_N-1_09:00_OPEN,N-2_15:30_To_EOD_MIN_MINUS_N-1_09:00_OPEN,N-2_EOD_Close_Minus_N-2_09:00_Open
ACC,20190404,0,0,0,1,PZ,Z,P,PZ,Z,N,P,NZ,Z,Z,NN,N,P,NZ,P,N,PP,PP,NZ,Z,NN,Z,N,Z,NZ,PZ,N,PZ,Z,PZ,NZ,PZ,NZ,PZ,Z,Z,NZ,PZ,Z,PZ,NZ,PZ,NZ,Z,N,Z,Z,Z,N,PZ,N,N,PZ,NZ,NN,Z,NZ,Z,NZ,Z,NZ,PZ,NZ,PZ,NZ,Z,NZ,PZ,Z,PZ,Z,PZ,NZ,PZ,NZ,PP,Z,P,Z,Z,NZ,PP
ACC,20190405,1,1,0,1,Z,Z,Z,Z,Z,NN,Z,Z,Z,Z,NN,NN,Z,Z,Z,Z,PZ,Z,Z,NN,Z,P,Z,Z,NZ,Z,NZ,PZ,Z,PZ,NZ,PZ,Z,PZ,NZ,Z,NZ,PZ,NZ,PZ,NZ,PZ,NZ,PZ,Z,PZ,Z,Z,NN,Z,NN,Z,PP,NZ,PP,Z,N,Z,NZ,PZ,N,PZ,Z,PZ,NZ,PZ,NZ,PZ,Z,Z,NZ,PZ,Z,PZ,NZ,PZ,NZ,Z,N,P,Z,N
ADANIENT,20190404,0,1,0,0,PZ,NZ,P,Z,N,NN,P,N,PZ,Z,NZ,NN,P,N,P,N,P,PP,NZ,Z,PP,PZ,N,PZ,N,P,Z,PZ,NZ,PZ,Z,PP,NZ,PZ,NZ,PZ,NZ,Z,NZ,PZ,NZ,PP,Z,PP,Z,PP,Z,Z,NN,Z,NN,PP,P,NZ,NN,PP,Z,PP,NZ,P,NZ,PZ,NZ,PZ,NZ,Z,NZ,P,Z,PZ,NZ,Z,NZ,PZ,NZ,PZ,N,Z,N,Z,NZ,PP
ADANIENT,20190405,1,1,0,1,Z,Z,Z,Z,Z,NN,Z,Z,Z,Z,NN,NN,Z,Z,Z,Z,PZ,PZ,NZ,NZ,Z,PZ,NZ,PZ,NZ,Z,NZ,PZ,NZ,PZ,NZ,P,NZ,Z,NZ,PP,Z,Z,NZ,Z,N,PZ,NZ,PZ,NZ,Z,Z,Z,NN,Z,NN,Z,P,NZ,NN,PZ,N,PZ,N,P,Z,PZ,NZ,PZ,Z,PP,NZ,PZ,NZ,PZ,NZ,Z,NZ,PZ,NZ,PP,Z,PP,Z,PP,Z,PP
ADANIPORTS,20190404,0,1,0,1,PZ,N,PZ,Z,N,NN,PZ,N,Z,Z,N,N,PZ,NZ,PZ,NZ,PZ,PZ,NZ,NZ,Z,PZ,NZ,PZ,NZ,PZ,NZ,PZ,Z,PZ,Z,PZ,NZ,PZ,Z,PZ,NZ,PZ,NZ,PZ,NZ,PZ,Z,Z,NZ,PZ,Z,Z,N,Z,NN,Z,PZ,NZ,Z,PZ,NZ,Z,NZ,PZ,Z,PZ,NZ,PZ,NZ,Z,Z,PZ,Z,PZ,NZ,Z,NZ,PZ,NZ,PZ,Z,PZ,N,Z,NZ,N
ADANIPORTS,20190405,1,1,0,1,Z,Z,Z,Z,Z,NN,Z,Z,Z,Z,NN,NN,Z,Z,Z,Z,PZ,Z,N,N,Z,PZ,NZ,PZ,NZ,PZ,Z,PZ,Z,Z,NZ,PZ,Z,PZ,Z,PZ,Z,PZ,Z,PZ,NZ,PZ,NZ,PZ,NZ,Z,Z,Z,NN,Z,NN,Z,PZ,NZ,Z,PZ,NZ,PZ,NZ,PZ,NZ,PZ,Z,PZ,Z,PZ,NZ,PZ,Z,PZ,NZ,PZ,NZ,PZ,NZ,PZ,Z,Z,NZ,PZ,Z,Z
AMBUJACEM,20190404,0,1,0,1,PZ,NZ,P,Z,N,NN,P,NN,Z,Z,NN,NN,PZ,N,PZ,NN,PP,PP,Z,Z,NN,PZ,N,Z,NZ,PZ,NZ,Z,NZ,PZ,NZ,PZ,Z,PZ,NZ,Z,N,PZ,NZ,PZ,NZ,PZ,NZ,PZ,NZ,Z,Z,Z,NN,Z,NN,N,PZ,NZ,Z,PZ,NZ,Z,N,Z,NZ,Z,NZ,PZ,NZ,Z,NZ,Z,NZ,PZ,Z,Z,N,PZ,Z,P,NZ,PZ,Z,Z,NZ,Z
AMBUJACEM,20190405,1,1,0,1,Z,Z,Z,Z,Z,NN,Z,Z,Z,Z,NN,NN,Z,Z,Z,Z,PZ,Z,NZ,NN,NN,PZ,NZ,Z,NZ,Z,N,PZ,NZ,PZ,NZ,PZ,Z,PZ,NZ,Z,NZ,Z,NZ,PZ,NZ,Z,NZ,PZ,NZ,Z,Z,Z,NN,Z,NN,N,PP,Z,PP,PZ,N,Z,NZ,PZ,NZ,Z,NZ,PZ,NZ,PZ,Z,PZ,NZ,Z,N,PZ,NZ,PZ,NZ,PZ,NZ,PZ,NZ,PP,Z,N
ARVIND,20190404,0,0,0,1,PZ,NZ,PP,P,NZ,NN,PP,NZ,Z,Z,NN,NN,PP,NZ,PP,NZ,PZ,Z,NZ,N,Z,PZ,NZ,PZ,NZ,PZ,NZ,PZ,NZ,Z,NZ,Z,NZ,PZ,Z,PZ,NZ,Z,NZ,PZ,Z,PP,Z,PZ,N,PZ,Z,Z,NN,P,NN,Z,PZ,N,Z,PZ,N,PZ,NZ,P,NZ,PZ,NZ,PZ,NZ,PZ,NZ,Z,NZ,PZ,NZ,Z,N,PZ,Z,PZ,NZ,PZ,NZ,Z,N,N
ARVIND,20190405,1,1,0,1,Z,Z,Z,Z,Z,NN,Z,Z,Z,Z,NN,NN,Z,Z,Z,Z,PZ,Z,NZ,NN,PP,PZ,NZ,PZ,NZ,P,Z,PZ,Z,Z,NZ,P,Z,PZ,NZ,PZ,NZ,PZ,NZ,PZ,NZ,PZ,NZ,PZ,NZ,P,Z,Z,NN,Z,NN,P,PZ,NZ,Z,PZ,NZ,PZ,NZ,PZ,NZ,PZ,NZ,Z,NZ,Z,NZ,PZ,Z,PZ,NZ,Z,NZ,PZ,Z,PP,Z,PZ,N,P,Z,Z
ASHOKLEY,20190404,0,1,0,1,PZ,NZ,P,Z,NZ,NN,P,NZ,Z,Z,NN,NN,P,NZ,P,NZ,P,PP,NZ,Z,N,PZ,NZ,PZ,NZ,PZ,NZ,PZ,NZ,Z,NZ,PZ,NZ,P,NZ,PZ,NZ,Z,N,PZ,NZ,PZ,Z,PZ,NZ,Z,Z,Z,NN,Z,NN,N,PZ,NZ,NN,PZ,NZ,PZ,NZ,P,Z,PZ,Z,PZ,NZ,PZ,NZ,PZ,Z,PZ,NZ,PZ,NZ,PZ,NZ,Z,NZ,PZ,NZ,Z,NZ,PP
ASHOKLEY,20190405,1,1,0,1,Z,Z,Z,Z,Z,NN,Z,Z,Z,Z,NN,NN,Z,Z,Z,Z,PZ,Z,NZ,NN,Z,PZ,NZ,PZ,Z,PZ,NZ,Z,NZ,Z,NZ,PZ,NZ,PZ,NZ,PZ,NZ,PZ,NZ,Z,N,Z,NZ,PZ,Z,Z,Z,Z,NN,Z,NN,Z,P,NZ,P,PZ,NZ,PZ,NZ,PZ,NZ,PZ,NZ,Z,NZ,PZ,NZ,P,NZ,PZ,NZ,Z,N,PZ,NZ,PZ,Z,PZ,NZ,PP,Z,N
ASIANPAINT,20190404,1,0,1,0,PZ,Z,P,PP,Z,Z,P,Z,P,P,Z,Z,PZ,Z,PZ,NZ,PZ,Z,NZ,NZ,Z,PZ,NZ,PZ,Z,Z,NZ,PZ,Z,PZ,Z,Z,NZ,Z,Z,PZ,Z,Z,NZ,PZ,NZ,PZ,Z,Z,NZ,Z,NZ,P,Z,PP,Z,Z,PZ,NZ,Z,Z,NZ,PZ,NZ,Z,NZ,Z,Z,PZ,Z,Z,Z,PZ,Z,Z,Z,Z,Z,Z,NZ,PZ,NZ,PZ,NZ,Z,NZ,Z
ASIANPAINT,20190405,1,1,0,1,Z,Z,Z,Z,Z,NN,Z,Z,Z,Z,NN,NN,Z,Z,Z,Z,PZ,P,Z,Z,Z,PZ,Z,Z,NZ,PZ,NZ,PZ,Z,Z,NZ,PZ,Z,Z,NZ,PZ,Z,PZ,NZ,Z,NZ,Z,NZ,PZ,Z,PZ,Z,Z,NN,Z,NN,Z,PZ,NZ,Z,PZ,NZ,PZ,Z,Z,NZ,PZ,Z,PZ,Z,Z,NZ,Z,Z,PZ,Z,Z,NZ,PZ,NZ,PZ,Z,Z,NZ,Z,NZ,Z
AUROPHARMA,20190404,0,1,0,1,PZ,NZ,PZ,Z,NZ,NN,PZ,NZ,Z,Z,NN,NN,PZ,NZ,PZ,NZ,PZ,PP,NZ,Z,Z,PZ,Z,Z,NZ,PZ,Z,PZ,Z,P,Z,PZ,NZ,PZ,NZ,Z,NZ,PZ,NZ,PZ,NZ,Z,NZ,PZ,NZ,PZ,Z,Z,NN,Z,NN,Z,P,Z,Z,P,Z,PZ,NZ,Z,NZ,PZ,NZ,Z,NZ,PZ,NZ,Z,NZ,PZ,NZ,PZ,Z,PZ,Z,PZ,NZ,Z,NZ,Z,NZ,P
AUROPHARMA,20190405,1,1,0,1,Z,Z,Z,Z,Z,NN,Z,Z,Z,Z,NN,NN,Z,Z,Z,Z,PZ,Z,NZ,NN,P,PZ,Z,PZ,NZ,PZ,NZ,PZ,NZ,PZ,NZ,PZ,Z,Z,NZ,PZ,Z,PZ,NZ,PZ,Z,PZ,NZ,P,Z,P,Z,Z,NN,Z,NN,P,PZ,NZ,Z,PZ,Z,Z,NZ,PZ,Z,PZ,Z,P,Z,PZ,NZ,PZ,NZ,Z,NZ,PZ,NZ,PZ,NZ,Z,NZ,PZ,NZ,PP,Z,Z
AXISBANK,20190404,0,0,0,1,PZ,NZ,P,PZ,NZ,NZ,P,NZ,Z,PZ,NN,NZ,PZ,NZ,PZ,NZ,PZ,PZ,NZ,Z,N,Z,NZ,PZ,Z,PZ,NZ,PZ,NZ,PZ,NZ,PZ,NZ,PZ,Z,PZ,NZ,Z,NZ,PZ,Z,PZ,NZ,Z,N,Z,Z,PZ,NZ,PZ,NZ,NN,PZ,NZ,Z,PZ,NZ,Z,NZ,PZ,NZ,PZ,NZ,Z,NZ,Z,NZ,PZ,Z,PZ,Z,Z,NZ,PZ,NZ,PZ,NZ,PZ,Z,Z,NZ,Z
AXISBANK,20190405,1,1,0,1,Z,Z,Z,Z,Z,NN,Z,Z,Z,Z,NN,NN,Z,Z,Z,Z,PZ,Z,NZ,NN,Z,PZ,Z,Z,NZ,PZ,Z,Z,NZ,Z,NZ,PZ,Z,PZ,NZ,PZ,NZ,PZ,Z,Z,NZ,Z,NZ,Z,NZ,Z,Z,Z,NN,Z,NN,Z,PZ,NZ,P,Z,NZ,PZ,Z,PZ,NZ,PZ,NZ,PZ,NZ,PZ,NZ,PZ,Z,PZ,NZ,Z,NZ,PZ,Z,PZ,NZ,Z,N,PZ,Z,NN
BAJAJ-AUTO,20190404,0,1,0,1,PZ,Z,P,Z,Z,NN,P,Z,Z,Z,NN,NN,PZ,NZ,PZ,NZ,PZ,Z,NZ,NZ,Z,PZ,NZ,PZ,Z,Z,NZ,Z,NZ,Z,NZ,Z,NZ,PZ,Z,Z,NZ,PZ,NZ,PZ,NZ,PZ,Z,Z,NZ,Z,Z,Z,NN,Z,NN,N,Z,NZ,Z,PZ,NZ,Z,NZ,Z,NZ,PZ,NZ,PZ,NZ,PZ,NZ,PZ,NZ,Z,NZ,Z,NZ,PZ,NZ,PZ,Z,PZ,NZ,Z,N,N
BAJAJ-AUTO,20190405,1,1,0,1,Z,Z,Z,Z,Z,NN,Z,Z,Z,Z,NN,NN,Z,Z,Z,Z,PZ,Z,Z,NN,Z,PZ,NZ,PZ,NZ,Z,NZ,PZ,Z,PZ,Z,PZ,Z,Z,NZ,PZ,NZ,Z,Z,Z,NZ,Z,NZ,PZ,NZ,PZ,Z,Z,NN,Z,NN,Z,PZ,NZ,Z,PZ,NZ,PZ,Z,Z,NZ,Z,NZ,Z,NZ,Z,NZ,PZ,Z,Z,NZ,PZ,NZ,PZ,NZ,PZ,Z,Z,NZ,PP,Z,N
BAJFINANCE,20190404,1,0,1,0,PZ,NZ,PZ,PP,NZ,Z,PZ,N,P,PP,Z,Z,PZ,NZ,PZ,NZ,PZ,P,NZ,Z,N,PZ,NZ,PZ,NZ,PZ,NZ,PZ,NZ,Z,NZ,PZ,NZ,PZ,Z,PZ,NZ,Z,NZ,Z,NZ,PZ,NZ,Z,N,Z,NN,PP,Z,PP,Z,N,PZ,NZ,N,P,NZ,PZ,NZ,Z,NZ,PZ,Z,PZ,Z,Z,NZ,Z,NZ,Z,Z,Z,NZ,PZ,NZ,Z,NZ,PZ,Z,Z,NZ,Z
BAJFINANCE,20190405,1,1,0,1,Z,Z,Z,Z,Z,NN,Z,Z,Z,Z,NN,NN,Z,Z,Z,Z,PZ,P,NZ,Z,Z,PZ,Z,Z,NZ,Z,NZ,PZ,Z,PZ,NZ,PZ,NZ,Z,NZ,Z,NZ,PZ,NZ,PZ,NZ,PZ,NZ,PZ,Z,Z,Z,Z,NN,Z,NN,Z,PZ,NZ,P,PZ,NZ,PZ,NZ,PZ,NZ,PZ,NZ,Z,NZ,PZ,NZ,PZ,Z,PZ,NZ,Z,NZ,Z,NZ,PZ,NZ,Z,N,Z,NN,N
BANKBARODA,20190404,0,0,0,1,PZ,NZ,PZ,PZ,N,N,PZ,NN,P,PZ,NZ,NZ,P,N,P,N,PZ,P,N,NZ,P,PZ,Z,PZ,NZ,P,Z,PZ,NZ,PZ,Z,PZ,NZ,PZ,Z,P,Z,Z,N,PZ,Z,PZ,NZ,Z,N,PZ,NZ,PZ,NZ,PZ,N,Z,P,NZ,PP,Z,NN,PZ,NZ,PZ,NZ,P,Z,PZ,Z,Z,NZ,PZ,Z,PZ,NZ,Z,NZ,PZ,NZ,PZ,NZ,Z,N,Z,NN,N
BANKBARODA,20190405,1,1,0,1,Z,Z,Z,Z,Z,NN,Z,Z,Z,Z,NN,NN,Z,Z,Z,Z,PZ,P,NZ,NZ,Z,Z,NZ,PZ,Z,Z,NZ,PZ,NZ,Z,N,PP,Z,Z,N,PZ,NZ,PZ,NZ,PZ,NZ,PZ,NZ,PZ,Z,Z,Z,Z,NN,Z,NN,N,PZ,N,N,PZ,Z,PZ,NZ,P,Z,PZ,NZ,PZ,Z,PZ,NZ,PZ,Z,P,Z,Z,N,PZ,Z,PZ,NZ,Z,N,Z,NZ,Z
BANKINDIA,20190404,0,1,0,1,PZ,NZ,PP,Z,N,NN,PP,N,Z,Z,NN,NN,PP,N,PP,N,P,Z,NZ,N,Z,PZ,NZ,PZ,NZ,PP,Z,PZ,NZ,PZ,NZ,PZ,NZ,PZ,NZ,PZ,NZ,PZ,NZ,PZ,NZ,PZ,N,Z,N,Z,Z,Z,NN,Z,NN,Z,PZ,NZ,PP,Z,NN,PZ,NZ,PZ,NZ,PZ,Z,PZ,Z,Z,NZ,PZ,Z,Z,NZ,Z,N,PZ,NZ,PZ,NZ,PZ,N,Z,NZ,N
BANKINDIA,20190405,1,1,0,1,Z,Z,Z,Z,Z,NN,Z,Z,Z,Z,NN,NN,Z,Z,Z,Z,PZ,Z,NZ,NN,Z,PZ,NZ,PZ,Z,PZ,NZ,PZ,NZ,Z,N,PP,NZ,Z,N,PZ,NZ,PZ,NZ,Z,N,PZ,NZ,PZ,NZ,Z,Z,Z,NN,Z,NN,Z,P,NZ,Z,PZ,NZ,PZ,NZ,PP,Z,PZ,NZ,PZ,NZ,PZ,NZ,PZ,NZ,PZ,NZ,PZ,NZ,PZ,NZ,PZ,N,Z,N,PP,Z,Z
BHARATFORG,20190404,0,1,0,1,PZ,NZ,P,Z,NZ,NN,P,NZ,Z,Z,NN,NN,P,Z,P,Z,PZ,PP,NZ,Z,Z,PZ,NZ,PZ,Z,PZ,Z,PZ,NZ,PZ,NZ,Z,NZ,PZ,NZ,PZ,Z,PZ,NZ,PZ,Z,Z,NZ,Z,N,Z,Z,Z,NN,Z,NN,Z,P,Z,N,PZ,NZ,PZ,NZ,PZ,NZ,PZ,Z,PZ,NZ,PZ,NZ,PZ,Z,PZ,NZ,Z,NZ,PZ,NZ,PZ,NZ,PZ,NZ,Z,NZ,PP
BHARATFORG,20190405,1,1,0,1,Z,Z,Z,Z,Z,NN,Z,Z,Z,Z,NN,NN,Z,Z,Z,Z,PZ,Z,NZ,NN,P,PZ,Z,P,Z,Z,NZ,PZ,NZ,PZ,NZ,P,Z,Z,NZ,PZ,Z,PZ,Z,Z,NZ,PZ,NZ,P,Z,PZ,Z,Z,NN,Z,NN,Z,PZ,NZ,Z,PZ,NZ,PZ,Z,PZ,Z,PZ,NZ,PZ,NZ,Z,NZ,PZ,NZ,PZ,Z,PZ,NZ,PZ,Z,Z,NZ,Z,N,P,Z,Z
BHARTIARTL,20190404,1,0,1,0,P,Z,P,PP,Z,Z,P,Z,PP,PP,Z,Z,PZ,NZ,PZ,NZ,P,PP,NZ,Z,Z,PZ,NZ,PZ,Z,Z,NZ,PZ,NZ,PZ,NZ,PZ,Z,PZ,Z,Z,NZ,PZ,NZ,PZ,NZ,P,NZ,PZ,NZ,PP,NN,PP,Z,PP,Z,PP,PZ,NZ,Z,PZ,NZ,PZ,NZ,PZ,NZ,PZ,NZ,PZ,NZ,Z,NZ,PZ,NZ,PZ,Z,Z,NZ,PZ,Z,PZ,NZ,PZ,NZ,Z,NZ,Z
BHARTIARTL,20190405,1,1,0,1,Z,Z,Z,Z,Z,NN,Z,Z,Z,Z,NN,NN,Z,Z,Z,Z,P,PP,Z,Z,Z,PZ,Z,Z,NZ,PZ,NZ,Z,NZ,PZ,NZ,PZ,Z,Z,NZ,PZ,NZ,PZ,NZ,PZ,NZ,PZ,NZ,PZ,NZ,P,Z,Z,NN,Z,NN,P,P,NZ,Z,PZ,NZ,PZ,Z,Z,NZ,PZ,NZ,PZ,NZ,PZ,Z,PZ,Z,Z,NZ,PZ,NZ,PZ,NZ,P,NZ,PZ,NZ,Z,NN,PP
BHEL,20190404,0,1,0,1,P,NZ,P,Z,N,NN,P,NN,Z,Z,N,NN,PZ,N,PZ,NN,P,PP,NZ,Z,Z,PZ,NZ,Z,NZ,P,Z,PZ,NZ,PZ,NZ,PZ,NZ,PZ,NZ,PZ,Z,Z,NZ,Z,NZ,PZ,NZ,PZ,N,PZ,Z,Z,NN,Z,NN,Z,PP,NZ,N,Z,N,PZ,NZ,P,Z,P,NZ,PZ,NZ,PZ,NZ,Z,NZ,PZ,NZ,PZ,NZ,PZ,NZ,PZ,NZ,PP,NZ,Z,NZ,PP
BHEL,20190405,1,1,0,1,Z,Z,Z,Z,Z,NN,Z,Z,Z,Z,NN,NN,Z,Z,Z,Z,P,Z,NZ,N,N,PZ,NZ,PZ,NZ,Z,NZ,PZ,Z,Z,NZ,P,Z,Z,NZ,PZ,NZ,Z,NZ,Z,NN,P,NZ,P,NZ,Z,Z,Z,NN,Z,NN,N,P,NZ,Z,PZ,NZ,Z,NZ,P,Z,PZ,NZ,PZ,NZ,PZ,NZ,PZ,NZ,PZ,Z,Z,NZ,Z,NZ,PZ,NZ,PZ,N,PP,Z,Z
BOSCHLTD,20190404,0,1,0,1,Z,NZ,PZ,Z,N,N,PZ,N,Z,Z,NN,N,P,NZ,P,NZ,Z,P,NZ,Z,Z,PZ,NZ,PZ,NZ,Z,NZ,PZ,Z,Z,NZ,PZ,NZ,PZ,Z,PZ,Z,Z,NZ,Z,Z,Z,NZ,PZ,NZ,Z,Z,Z,N,Z,N,N,Z,NZ,N,Z,NN,Z,NZ,PZ,Z,PZ,Z,PZ,Z,PZ,Z,PZ,Z,PZ,NZ,PZ,Z,PZ,NZ,PZ,NZ,PZ,NZ,Z,NZ,P
BPCL,20190404,0,1,0,1,Z,N,Z,Z,NN,NN,Z,NN,Z,Z,NN,NN,PZ,NZ,PZ,NZ,PZ,PP,N,Z,Z,PZ,NZ,PZ,N,PZ,NZ,PZ,NZ,PZ,Z,PZ,Z,PZ,NZ,PZ,NZ,PZ,Z,Z,NZ,PZ,Z,Z,NZ,Z,Z,Z,NN,Z,NN,N,P,Z,N,Z,NZ,PZ,NZ,PZ,NZ,PZ,NZ,PZ,NZ,PZ,NZ,PZ,NZ,PZ,NZ,PZ,Z,P,Z,PZ,Z,PZ,Z,Z,Z,PP
BPCL,20190405,1,1,0,1,Z,Z,Z,Z,Z,NN,Z,Z,Z,Z,NN,NN,Z,Z,Z,Z,Z,Z,N,NN,Z,PZ,Z,PZ,NZ,Z,NZ,PZ,Z,Z,NZ,PZ,Z,Z,NZ,Z,NZ,P,NZ,PZ,NZ,PZ,NZ,PZ,NZ,Z,Z,Z,NN,Z,NN,NN,PZ,N,Z,PZ,NZ,PZ,N,PZ,NZ,PZ,NZ,PZ,Z,PZ,Z,PZ,NZ,PZ,NZ,PZ,Z,Z,NZ,PZ,Z,Z,NZ,PP,Z,N
CANBK,20190404,0,1,0,1,PZ,NZ,P,Z,N,NN,P,N,Z,Z,NN,NN,P,N,P,N,PZ,Z,Z,NZ,Z,PZ,NZ,PZ,NZ,PP,Z,PZ,NZ,PZ,NZ,PZ,NZ,PZ,Z,PZ,NZ,Z,NZ,PZ,NZ,PZ,NZ,Z,N,PZ,Z,Z,NN,Z,NN,Z,PZ,NZ,P,Z,NN,PZ,NZ,PZ,NZ,PZ,Z,PZ,Z,PZ,NZ,PZ,Z,PZ,NZ,Z,NZ,PZ,NZ,PZ,NZ,Z,NZ,Z,NZ,N
CANBK,20190405,1,1,0,1,Z,Z,Z,Z,Z,NN,Z,Z,Z,Z,NN,NN,Z,Z,Z,Z,PZ,Z,NZ,NN,N,PZ,NZ,PZ,NZ,PZ,NZ,PZ,NZ,Z,NN,PP,NZ,Z,N,PZ,NZ,PZ,NZ,PZ,NZ,PZ,NZ,PZ,NZ,Z,Z,Z,NN,Z,NN,N,PZ,Z,Z,PZ,NZ,PZ,NZ,PP,Z,PZ,NZ,PZ,NZ,PZ,NZ,PZ,Z,PZ,NZ,Z,NZ,PZ,NZ,PZ,NZ,Z,N,PP,Z,Z
CIPLA,20190404,0,1,0,1,PZ,NZ,PZ,Z,NZ,N,PZ,NZ,Z,Z,NZ,N,PZ,NZ,PZ,NZ,PZ,Z,NZ,N,Z,PZ,NZ,PZ,Z,PZ,NZ,PZ,Z,PZ,NZ,PZ,NZ,PZ,Z,Z,NZ,PZ,NZ,Z,NZ,PZ,Z,PZ,NZ,P,Z,Z,N,Z,N,P,PZ,NZ,Z,PZ,NZ,Z,NZ,Z,NZ,Z,Z,PZ,Z,PZ,Z,PZ,NZ,PZ,Z,Z,NZ,Z,NZ,PZ,Z,PZ,NZ,P,Z,Z
CIPLA,20190405,1,1,0,1,Z,Z,Z,Z,Z,NN,Z,Z,Z,Z,NN,NN,Z,Z,Z,Z,PZ,Z,NZ,NZ,Z,PZ,Z,Z,NZ,PZ,Z,PZ,NZ,PZ,NZ,PZ,NZ,PZ,NZ,PZ,NZ,Z,NZ,PZ,NZ,PZ,Z,PZ,NZ,PZ,Z,Z,NN,Z,NN,Z,PZ,NZ,Z,PZ,NZ,PZ,Z,PZ,NZ,PZ,Z,PZ,NZ,PZ,NZ,PZ,Z,Z,NZ,PZ,NZ,Z,NZ,PZ,Z,PZ,NZ,P,Z,P
COALINDIA,20190404,0,1,0,0,PZ,NZ,PZ,Z,NZ,N,PZ,N,Z,Z,N,N,PZ,NZ,PZ,NZ,Z,PZ,NN,N,P,PZ,NZ,PZ,NZ,PZ,NZ,PZ,NZ,PZ,NZ,PZ,Z,PZ,Z,PZ,Z,PZ,Z,PZ,NZ,PZ,NZ,PZ,NZ,Z,Z,Z,N,Z,N,Z,PZ,N,Z,Z,NZ,PZ,NZ,PZ,Z,PZ,Z,PZ,NZ,Z,NZ,PZ,NZ,PZ,Z,Z,NZ,PZ,Z,PZ,NZ,PP,NZ,Z,NZ,Z
COALINDIA,20190405,1,1,0,1,Z,Z,Z,Z,Z,NN,Z,Z,Z,Z,NN,NN,Z,Z,Z,Z,PZ,Z,NZ,N,Z,PZ,NZ,PZ,NZ,PZ,NZ,PZ,Z,PZ,NZ,PZ,Z,Z,NZ,Z,NZ,Z,NZ,PZ,NZ,PZ,NZ,PZ,Z,Z,Z,Z,NN,Z,NN,Z,Z,NN,N,PZ,NZ,PZ,NZ,PZ,NZ,PZ,NZ,PZ,NZ,PZ,Z,PZ,Z,PZ,Z,PZ,Z,PZ,NZ,PZ,NZ,PZ,NZ,PZ,Z,Z
DISHTV,20190404,1,0,0,1,PP,Z,PP,PP,Z,NN,PP,Z,PZ,Z,N,NN,PP,NZ,PP,NZ,P,PZ,NZ,N,P,P,NZ,PP,Z,P,Z,PZ,NZ,PP,NZ,PZ,N,PZ,N,PZ,N,Z,N,P,NZ,P,NZ,P,N,PP,Z,Z,NN,PP,NN,PP,PZ,N,Z,PZ,N,PZ,NN,P,Z,PZ,NZ,PZ,Z,PZ,NZ,PZ,Z,Z,NZ,PZ,NZ,P,NZ,Z,N,PZ,NZ,Z,NZ,N
DISHTV,20190405,1,1,0,1,Z,Z,Z,Z,Z,NN,Z,Z,Z,Z,NN,NN,Z,Z,Z,Z,PP,PZ,Z,N,Z,PP,NZ,PP,NN,PZ,NN,PZ,NZ,Z,N,PZ,NZ,PZ,NZ,PZ,NZ,PZ,NZ,PZ,NZ,PZ,N,PZ,N,P,Z,Z,NN,Z,NN,P,P,NZ,N,P,NZ,PP,Z,P,Z,PZ,NZ,PP,NZ,PZ,N,PZ,N,PZ,N,Z,N,P,NZ,P,NZ,P,N,PP,Z,PP
DLF,20190404,1,0,1,0,PZ,NZ,PZ,PP,N,Z,PZ,NN,PZ,PP,NZ,Z,P,NZ,P,N,PZ,PP,NN,Z,NN,P,NZ,PZ,NZ,PZ,NZ,Z,NZ,PZ,N,PZ,NZ,PZ,Z,PZ,NZ,Z,N,PZ,Z,PZ,NZ,Z,N,Z,NN,PP,Z,PP,Z,NN,PZ,NZ,NN,PZ,NZ,P,NZ,PZ,NZ,PP,Z,PP,Z,PZ,NZ,PZ,NZ,PZ,NZ,PZ,NZ,Z,NZ,Z,NZ,PZ,NZ,Z,NZ,PP
DLF,20190405,1,1,0,1,Z,Z,Z,Z,Z,NN,Z,Z,Z,Z,NN,NN,Z,Z,Z,Z,PZ,PZ,NZ,NZ,Z,P,Z,PZ,NZ,PZ,NZ,PZ,NZ,P,NZ,P,Z,Z,NZ,PZ,NZ,PZ,NZ,Z,NN,P,NZ,PZ,NZ,Z,Z,Z,NN,Z,NN,N,PZ,NN,PP,P,NZ,PZ,NZ,PZ,NZ,Z,NZ,PZ,N,PZ,NZ,PZ,Z,PZ,NZ,Z,N,PZ,Z,PZ,NZ,Z,N,Z,NN,NN
DRREDDY,20190404,0,1,0,1,PZ,Z,PZ,Z,NZ,N,PZ,NZ,Z,Z,N,NZ,PZ,NZ,PZ,N,PZ,PP,NZ,Z,Z,PZ,NZ,PZ,NZ,PZ,NZ,PZ,NZ,Z,NZ,PZ,NZ,PZ,NZ,PZ,NZ,PZ,NZ,Z,NZ,PZ,NZ,Z,NZ,Z,Z,Z,NZ,Z,N,Z,PZ,NZ,Z,PZ,Z,PZ,NZ,PZ,NZ,PZ,NZ,PZ,NZ,Z,NZ,PZ,NZ,PZ,NZ,PZ,Z,PZ,Z,PZ,NZ,PZ,Z,Z,NZ,P
DRREDDY,20190405,1,1,0,1,Z,Z,Z,Z,Z,NN,Z,Z,Z,Z,NN,NN,Z,Z,Z,Z,PZ,Z,Z,N,Z,PZ,Z,Z,NZ,Z,NZ,Z,NZ,PZ,NZ,PZ,Z,PZ,Z,PZ,NZ,PZ,NZ,Z,NZ,PZ,NZ,PZ,Z,Z,Z,Z,NN,Z,NN,Z,PZ,NZ,Z,PZ,NZ,PZ,NZ,PZ,NZ,PZ,NZ,Z,NZ,PZ,NZ,PZ,NZ,PZ,NZ,PZ,NZ,Z,NZ,PZ,NZ,Z,NZ,P,Z,Z
EICHERMOT,20190404,0,0,0,1,Z,NZ,Z,PZ,N,NZ,PZ,N,Z,PZ,NN,NZ,PZ,N,PZ,N,PZ,Z,N,NN,N,Z,N,PZ,NZ,PZ,NZ,PZ,NZ,Z,NZ,Z,NZ,PZ,NZ,PZ,NZ,Z,NZ,Z,NZ,PZ,NZ,Z,NZ,Z,NZ,PZ,NZ,P,NZ,NN,PZ,NZ,Z,Z,NZ,Z,NZ,Z,NZ,PZ,Z,PZ,Z,Z,NZ,Z,NZ,Z,Z,Z,NZ,Z,Z,Z,NZ,PZ,NZ,Z,NZ,Z
EICHERMOT,20190405,1,1,0,1,Z,Z,Z,Z,Z,NN,Z,Z,Z,Z,NN,NN,Z,Z,Z,Z,Z,Z,NZ,NN,P,PZ,NZ,PZ,Z,Z,NZ,PZ,Z,Z,NZ,PZ,Z,Z,NZ,Z,NZ,PZ,Z,PZ,Z,PZ,NZ,P,Z,P,Z,Z,NN,Z,NN,P,PZ,N,P,Z,N,PZ,NZ,PZ,NZ,PZ,NZ,Z,NZ,Z,NZ,PZ,NZ,PZ,NZ,Z,NZ,Z,NZ,PZ,NZ,Z,NZ,Z,NZ,NN
GAIL,20190404,0,0,0,1,PZ,N,PZ,Z,NN,NN,PZ,NN,PZ,Z,NZ,N,PZ,N,PZ,NN,P,Z,NZ,N,Z,PZ,NZ,PZ,NZ,PZ,NZ,PZ,Z,Z,NZ,Z,NZ,PZ,NZ,Z,NZ,Z,NZ,Z,NZ,PZ,Z,PZ,NZ,PZ,Z,Z,N,Z,NN,Z,PZ,NZ,PP,PZ,NZ,PZ,NZ,PZ,NZ,PZ,Z,Z,NZ,Z,Z,PZ,NZ,Z,N,PZ,NZ,PZ,NZ,PZ,NZ,PZ,NZ,Z,N,NN
GAIL,20190405,1,1,0,1,Z,Z,Z,Z,Z,NN,Z,Z,Z,Z,NN,NN,Z,Z,Z,Z,PZ,PZ,N,NZ,N,PZ,NZ,PZ,Z,PZ,Z,Z,NZ,PZ,NZ,PZ,NZ,PZ,NZ,Z,NZ,PZ,NZ,PZ,NZ,PZ,NZ,PZ,NZ,Z,Z,Z,NN,Z,NN,NN,P,NZ,Z,PZ,NZ,PZ,NZ,PZ,NZ,PZ,Z,Z,NZ,Z,NZ,PZ,NZ,Z,NZ,Z,NZ,Z,NZ,PZ,Z,PZ,NZ,PZ,Z,Z
GRASIM,20190404,0,1,0,1,Z,N,PZ,Z,N,NN,PZ,N,Z,Z,NN,NN,P,NZ,P,NZ,PZ,PP,NZ,Z,N,PZ,NZ,PZ,NZ,PZ,NZ,Z,NZ,PZ,Z,PZ,NZ,PZ,Z,PZ,NZ,Z,NZ,PZ,Z,PZ,NZ,Z,NZ,Z,Z,Z,NN,Z,NN,Z,Z,N,NN,PZ,NZ,Z,NZ,PZ,NZ,Z,NZ,PZ,Z,PZ,Z,Z,NZ,PZ,NZ,Z,NZ,PZ,Z,P,Z,PZ,NZ,Z,NZ,PP
GRASIM,20190405,1,1,0,1,Z,Z,Z,Z,Z,NN,Z,Z,Z,Z,NN,NN,Z,Z,Z,Z,Z,Z,N,NN,Z,P,NZ,Z,NZ,Z,NZ,PZ,NZ,Z,NZ,PZ,Z,PZ,Z,Z,Z,PZ,Z,PZ,NZ,PZ,NZ,PZ,Z,Z,Z,Z,NN,Z,NN,Z,PZ,NZ,P,PZ,NZ,PZ,NZ,PZ,NZ,Z,NZ,PZ,Z,PZ,NZ,PZ,Z,PZ,NZ,Z,NZ,PZ,Z,PZ,NZ,Z,NZ,PP,Z,Z
HCLTECH,20190404,0,0,0,1,Z,NN,Z,PZ,NN,NN,Z,NN,PP,PZ,NZ,NN,PZ,NZ,PZ,NZ,P,PZ,NZ,NZ,P,PZ,Z,Z,NZ,Z,NZ,Z,Z,Z,NZ,PZ,Z,PZ,NZ,PZ,Z,PZ,NZ,PZ,Z,PZ,NZ,Z,N,PP,NZ,PZ,NN,PZ,NN,PP,PZ,NZ,Z,PZ,NZ,PZ,NZ,Z,NZ,Z,NZ,PZ,NZ,Z,NZ,Z,NZ,PZ,Z,PZ,NZ,PZ,Z,PZ,NZ,PZ,NZ,Z,NZ,Z
HCLTECH,20190405,1,1,0,1,Z,Z,Z,Z,Z,NN,Z,Z,Z,Z,NN,NN,Z,Z,Z,Z,Z,PP,NN,NZ,Z,PZ,NZ,P,Z,PZ,NZ,Z,NZ,Z,NZ,PZ,NZ,PZ,NZ,PZ,NZ,Z,NZ,PZ,Z,PZ,NZ,PZ,NZ,Z,Z,Z,NN,Z,NN,N,P,NZ,N,PZ,Z,Z,NZ,Z,NZ,Z,Z,Z,NZ,PZ,Z,PZ,NZ,PZ,Z,PZ,NZ,PZ,Z,PZ,NZ,Z,N,Z,NZ,PP
HDFC,20190404,1,0,1,0,PZ,Z,PP,PP,Z,Z,PP,Z,PP,PP,Z,Z,PP,NZ,PP,NZ,PZ,P,NZ,Z,Z,PZ,Z,PZ,NZ,Z,NZ,PZ,NZ,PZ,Z,Z,NZ,Z,NZ,PZ,NZ,PZ,NZ,PZ,NZ,PZ,Z,Z,NZ,Z,NN,PP,Z,PP,Z,Z,PZ,NZ,N,Z,NZ,Z,NZ,PZ,Z,PZ,Z,PZ,Z,PZ,NZ,Z,NZ,PZ,Z,PZ,Z,PZ,NZ,PZ,NZ,PZ,Z,Z,NZ,Z
HDFC,20190405,1,1,0,1,Z,Z,Z,Z,Z,NN,Z,Z,Z,Z,NN,NN,Z,Z,Z,Z,PZ,PP,Z,Z,P,PZ,Z,Z,NZ,PZ,NZ,PZ,NZ,Z,NZ,P,Z,PZ,NZ,PZ,Z,Z,NZ,PZ,NZ,Z,NZ,PZ,NZ,P,Z,Z,NN,Z,NN,P,PZ,NZ,Z,PZ,Z,PZ,NZ,Z,NZ,PZ,NZ,PZ,Z,Z,NZ,Z,NZ,PZ,NZ,PZ,NZ,PZ,NZ,PZ,Z,Z,NZ,Z,NN,Z
HDFCBANK,20190404,0,0,0,1,PZ,NZ,PZ,Z,NZ,N,PZ,NZ,Z,Z,N,N,PZ,NZ,PZ,NZ,PZ,P,NZ,Z,Z,PZ,Z,PZ,Z,PZ,NZ,PZ,NZ,Z,Z,Z,NZ,PZ,Z,PZ,NZ,PZ,Z,PZ,NZ,PZ,NZ,PZ,NZ,Z,Z,Z,N,Z,N,Z,PZ,NZ,Z,PZ,NZ,PZ,NZ,Z,NZ,PZ,Z,Z,NZ,Z,NZ,Z,NZ,PZ,Z,PZ,NZ,PZ,Z,PZ,Z,PZ,NZ,Z,NZ,Z
HDFCBANK,20190405,1,1,0,1,Z,Z,Z,Z,Z,NN,Z,Z,Z,Z,NN,NN,Z,Z,Z,Z,PZ,Z,NZ,N,Z,PZ,Z,Z,Z,Z,NZ,PZ,NZ,PZ,NZ,PZ,Z,PZ,NZ,PZ,NZ,PZ,NZ,Z,NZ,Z,NZ,PZ,NZ,Z,Z,Z,NN,Z,NN,Z,PZ,NZ,Z,PZ,Z,PZ,Z,PZ,NZ,PZ,NZ,Z,Z,Z,NZ,PZ,Z,PZ,NZ,PZ,Z,PZ,NZ,PZ,NZ,PZ,NZ,PZ,Z,Z
HEROMOTOCO,20190404,1,0,1,0,PZ,NZ,P,PP,NZ,Z,P,NZ,P,PP,Z,Z,P,NZ,P,NZ,PZ,PP,NZ,Z,Z,PZ,NZ,PZ,NZ,PZ,NZ,PZ,Z,PZ,Z,Z,NZ,PZ,NZ,Z,NZ,PZ,Z,Z,NZ,Z,NZ,Z,N,Z,N,PP,Z,PP,Z,Z,PZ,NZ,Z,PZ,NZ,PZ,NZ,Z,N,PZ,Z,PZ,NZ,PZ,Z,PZ,NZ,PZ,NZ,Z,NZ,PZ,NZ,Z,NZ,PZ,NZ,Z,NZ,Z
HEROMOTOCO,20190405,1,1,0,1,Z,Z,Z,Z,Z,NN,Z,Z,Z,Z,NN,NN,Z,Z,Z,Z,PZ,P,NZ,Z,P,PZ,NZ,Z,NZ,PZ,NZ,PZ,Z,PZ,NZ,PZ,Z,PZ,NZ,PZ,NZ,Z,NZ,Z,NZ,PZ,NZ,PZ,NZ,P,Z,Z,NN,Z,NN,P,PZ,NZ,Z,PZ,NZ,PZ,NZ,PZ,NZ,PZ,Z,PZ,Z,Z,NZ,PZ,NZ,Z,NZ,PZ,Z,Z,NZ,Z,NZ,Z,N,Z,N,Z
HINDALCO,20190404,0,1,0,0,PZ,N,PZ,Z,NN,NN,PZ,NN,PP,Z,Z,N,PZ,N,PZ,N,PP,PP,NZ,Z,Z,P,NZ,PZ,NZ,PZ,Z,PZ,NZ,PZ,NZ,PZ,NZ,Z,NZ,PZ,Z,PZ,NZ,PZ,NZ,PZ,NZ,Z,NZ,PP,Z,Z,N,Z,NN,PP,PZ,NZ,Z,PZ,NZ,PZ,NZ,PZ,NZ,PZ,Z,PZ,NZ,PZ,NZ,PZ,NZ,PZ,Z,PZ,NZ,PZ,NZ,Z,NZ,PZ,NZ,Z,NN,Z
HINDALCO,20190405,1,1,0,1,Z,Z,Z,Z,Z,NN,Z,Z,Z,Z,NN,NN,Z,Z,Z,Z,PZ,PP,N,Z,Z,PZ,NZ,PZ,NZ,Z,NZ,Z,NZ,Z,NZ,PZ,NZ,PZ,NZ,PZ,NZ,PZ,Z,Z,NZ,Z,NZ,PZ,NZ,Z,Z,Z,NN,Z,NN,NN,PP,NZ,Z,P,NZ,PZ,NZ,PZ,Z,PZ,NZ,PZ,NZ,PZ,NZ,Z,NZ,PZ,Z,PZ,NZ,PZ,NZ,PZ,NZ,Z,NZ,PZ,Z,PP
HINDPETRO,20190404,0,1,0,1,PZ,NN,PZ,Z,NN,NN,PZ,NN,Z,Z,NN,NN,P,NZ,P,NZ,PZ,PP,N,Z,P,P,NZ,PZ,NZ,PZ,NZ,PZ,NZ,PZ,NZ,PZ,Z,PZ,NZ,P,Z,PZ,NZ,PZ,Z,PZ,NZ,Z,N,Z,Z,Z,NN,Z,NN,Z,PP,NZ,Z,Z,N,Z,NZ,Z,NZ,PZ,NZ,PZ,NZ,PZ,NZ,PZ,NZ,PZ,Z,Z,NZ,PZ,Z,PZ,NZ,PZ,NZ,Z,NZ,PP
HINDPETRO,20190405,1,1,0,1,Z,Z,Z,Z,Z,NN,Z,Z,Z,Z,NN,NN,Z,Z,Z,Z,PZ,Z,NN,NN,Z,P,Z,PZ,NZ,PZ,NZ,PZ,Z,Z,N,PZ,Z,PZ,NZ,PZ,NZ,PZ,NZ,PZ,NZ,PZ,NZ,PZ,NZ,Z,Z,Z,NN,Z,NN,N,PZ,N,N,P,NZ,PZ,NZ,PZ,NZ,PZ,NZ,PZ,NZ,PZ,Z,PZ,NZ,P,Z,PZ,NZ,PZ,Z,PZ,NZ,Z,N,PP,Z,Z
HINDUNILVR,20190404,0,1,0,1,PZ,Z,P,Z,Z,N,P,NZ,Z,Z,NN,N,PZ,NZ,PZ,N,PZ,P,Z,Z,N,Z,NZ,PZ,NZ,Z,NZ,PZ,NZ,Z,NZ,Z,NZ,Z,NZ,Z,NZ,PZ,NZ,PZ,Z,PZ,Z,Z,NZ,Z,Z,Z,N,Z,N,N,PZ,NZ,Z,PZ,NZ,PZ,Z,PZ,Z,PZ,Z,Z,NZ,Z,NZ,PZ,Z,Z,Z,Z,NZ,Z,NZ,Z,NZ,PZ,Z,Z,Z,Z
HINDUNILVR,20190405,1,1,0,1,Z,Z,Z,Z,Z,NN,Z,Z,Z,Z,NN,NN,Z,Z,Z,Z,PZ,Z,Z,NN,Z,PZ,NZ,Z,NZ,PZ,Z,PZ,Z,PZ,NZ,PZ,NZ,Z,NZ,PZ,NZ,Z,NZ,Z,NZ,Z,NZ,PZ,Z,Z,Z,Z,NN,Z,NN,Z,PZ,Z,P,Z,NZ,PZ,NZ,Z,NZ,PZ,NZ,Z,NZ,Z,NZ,Z,NZ,Z,NZ,PZ,NZ,PZ,Z,PZ,Z,Z,NZ,P,Z,N
IBREALEST,20190404,0,1,0,1,P,NZ,P,Z,NN,NN,P,NN,Z,Z,NN,NN,PZ,NN,PZ,NN,P,PP,Z,Z,Z,P,NZ,PZ,NZ,Z,NZ,PZ,NZ,PZ,NZ,Z,NZ,PZ,Z,PZ,NZ,Z,NZ,PZ,Z,PZ,NZ,PZ,NZ,PZ,Z,Z,NN,Z,NN,Z,PZ,NZ,Z,Z,N,PZ,NZ,Z,NZ,PP,Z,PZ,NZ,Z,NZ,PZ,NZ,PZ,NZ,Z,N,PZ,NZ,PZ,NZ,P,Z,Z,N,Z
IBREALEST,20190405,1,1,0,1,Z,Z,Z,Z,Z,NN,Z,Z,Z,Z,NN,NN,Z,Z,Z,Z,P,Z,NZ,NN,N,PZ,Z,PZ,NZ,Z,NZ,Z,NZ,Z,N,P,Z,Z,NZ,Z,NZ,PZ,NZ,PZ,NZ,PZ,NZ,PZ,Z,Z,Z,Z,NN,Z,NN,N,P,Z,Z,P,NZ,PZ,NZ,Z,NZ,PZ,NZ,PZ,NZ,Z,NZ,PZ,Z,PZ,NZ,Z,NZ,PZ,Z,PZ,NZ,PZ,NZ,PP,Z,Z
IBULHSGFIN,20190404,1,0,1,0,P,N,PP,PP,N,Z,PP,N,PP,PP,Z,Z,PZ,NN,PZ,NN,PZ,PP,N,Z,N,Z,NN,PZ,NZ,PZ,NZ,PZ,NZ,PZ,NZ,PP,Z,PZ,N,PZ,NZ,Z,N,PZ,NZ,P,Z,PZ,NN,Z,NN,PP,Z,PP,Z,NN,P,NZ,NN,PZ,NN,Z,N,PZ,Z,PP,NZ,PZ,NZ,Z,NZ,PZ,NZ,P,NZ,P,NZ,PZ,NZ,P,NZ,P,NZ,Z,NZ,PP
IBULHSGFIN,20190405,1,1,0,1,Z,Z,Z,Z,Z,NN,Z,Z,Z,Z,NN,NN,Z,Z,Z,Z,P,PP,N,Z,Z,PZ,N,PZ,NZ,PZ,NZ,Z,NZ,PZ,N,P,Z,Z,NZ,PZ,NZ,PZ,NZ,PZ,NZ,P,NZ,P,Z,P,Z,Z,NN,Z,NN,P,PZ,N,P,Z,NN,PZ,NZ,PZ,NZ,PZ,NZ,PZ,NZ,PP,Z,PZ,N,PZ,NZ,Z,N,PZ,NZ,P,Z,PZ,NN,Z,NN,NN
ICICIBANK,20190404,0,1,0,1,Z,NZ,PZ,Z,N,NN,PZ,N,Z,Z,NN,NN,PZ,NZ,PZ,N,P,P,Z,Z,N,PZ,NZ,PZ,NZ,Z,NZ,Z,NZ,PZ,Z,Z,NZ,PZ,NZ,PZ,NZ,PZ,Z,PZ,NZ,PZ,N,PZ,N,Z,Z,Z,NN,Z,NN,Z,Z,N,Z,Z,N,PZ,NZ,Z,NZ,PZ,Z,Z,NZ,PZ,NZ,PZ,Z,PZ,Z,Z,NZ,PZ,NZ,PZ,NZ,PZ,NZ,Z,NZ,Z
ICICIBANK,20190405,1,1,0,1,Z,Z,Z,Z,Z,NN,Z,Z,Z,Z,NN,NN,Z,Z,Z,Z,Z,Z,NZ,NN,Z,PZ,NZ,PZ,Z,PZ,Z,PZ,NZ,PZ,NZ,P,Z,PZ,NZ,Z,NZ,PZ,NZ,Z,NZ,Z,NZ,PZ,NZ,Z,Z,Z,NN,Z,NN,N,P,Z,P,PZ,NZ,PZ,NZ,Z,NZ,Z,NZ,PZ,Z,Z,NZ,PZ,NZ,PZ,NZ,PZ,Z,PZ,NZ,PZ,N,PZ,N,P,Z,Z
IDBI,20190404,0,1,0,1,PZ,N,PZ,Z,N,NN,PZ,N,Z,Z,NN,NN,PP,Z,PP,NZ,PZ,PP,NZ,Z,N,P,NZ,PZ,NZ,PZ,NZ,PZ,NZ,PZ,NZ,PZ,NZ,PZ,NZ,PZ,NZ,Z,NZ,PZ,NZ,PZ,NZ,PZ,N,Z,Z,Z,NN,Z,NN,N,P,NZ,NN,PZ,N,PZ,NZ,PP,Z,P,NZ,PZ,NZ,Z,N,PZ,Z,PZ,NZ,PZ,NZ,P,Z,PZ,N,Z,N,Z,N,PP
IDBI,20190405,1,1,0,1,Z,Z,Z,Z,Z,NN,Z,Z,Z,Z,NN,NN,Z,Z,Z,Z,PZ,Z,N,NN,Z,P,Z,PZ,NZ,PZ,NZ,PZ,Z,PZ,N,P,Z,PZ,NZ,Z,NZ,PZ,NZ,PZ,NZ,PZ,NZ,PP,NZ,Z,Z,Z,NN,Z,NN,Z,PZ,NZ,P,P,NZ,PZ,NZ,PZ,NZ,PZ,NZ,PZ,NZ,PZ,NZ,PZ,NZ,PZ,NZ,Z,NZ,PZ,NZ,PZ,NZ,PZ,N,PP,Z,N
IDEA,20190404,0,1,0,1,PZ,NN,PZ,Z,NN,NN,PZ,NN,Z,Z,NN,NN,P,NN,P,NN,PZ,P,NN,N,Z,P,NZ,PZ,NZ,PZ,NZ,PZ,NZ,PZ,N,PZ,Z,PZ,NZ,P,NZ,PZ,NZ,PZ,NZ,PZ,NZ,PZ,NZ,Z,Z,Z,NN,Z,NN,NN,PP,N,PP,Z,NN,Z,NN,P,NZ,PZ,NZ,PZ,NZ,PZ,NZ,Z,N,P,NZ,PZ,NN,P,NZ,PZ,N,PZ,NN,PZ,N,P
IDEA,20190405,1,1,0,1,Z,Z,Z,Z,Z,NN,Z,Z,Z,Z,NN,NN,Z,Z,Z,Z,PZ,Z,NN,NN,N,P,N,PZ,NZ,Z,NN,PZ,N,PZ,NZ,PZ,NZ,PZ,NZ,PZ,NZ,PZ,Z,PZ,NZ,PZ,NZ,PZ,NZ,Z,Z,Z,NN,Z,NN,NN,PZ,NN,Z,P,NZ,PZ,NZ,PZ,NZ,PZ,NZ,PZ,N,PZ,Z,PZ,NZ,P,NZ,PZ,NZ,PZ,NZ,PZ,NZ,PZ,NZ,PP,Z,NN
IDFC,20190404,0,0,0,1,PZ,NZ,PP,P,NZ,NN,PP,NZ,Z,Z,NN,NN,PP,NZ,PP,NZ,P,PZ,NZ,NZ,Z,PZ,NZ,PZ,NZ,PZ,NZ,PZ,Z,Z,NZ,PZ,NZ,PZ,NZ,PZ,NZ,PZ,Z,PZ,Z,PZ,NZ,Z,N,Z,Z,Z,NN,P,NN,Z,P,NZ,PP,PZ,N,Z,NN,PZ,NZ,PZ,NZ,PZ,NZ,Z,NZ,Z,NZ,Z,NZ,PZ,NZ,PZ,NZ,PZ,NZ,PZ,NZ,Z,NZ,N
IDFC,20190405,1,1,0,1,Z,Z,Z,Z,Z,NN,Z,Z,Z,Z,NN,NN,Z,Z,Z,Z,PZ,Z,NZ,NN,PP,PZ,NZ,PZ,Z,PZ,NZ,Z,NZ,PZ,Z,PP,Z,PZ,NZ,PZ,NZ,PZ,NZ,PZ,NZ,PZ,NZ,PZ,NZ,P,Z,Z,NN,Z,NN,P,P,NZ,Z,PZ,NZ,PZ,NZ,PZ,NZ,PZ,Z,Z,NZ,PZ,NZ,PZ,NZ,PZ,NZ,PZ,Z,PZ,Z,PZ,NZ,Z,N,PP,Z,Z
INDUSINDBK,20190404,0,0,0,1,PZ,NZ,PZ,PP,N,Z,PZ,NN,Z,PP,N,Z,PZ,N,PZ,NN,Z,Z,NZ,N,NN,PZ,N,Z,NZ,PZ,NZ,PZ,NZ,PZ,NZ,Z,NZ,PZ,NZ,PZ,NZ,Z,NZ,PZ,Z,Z,NZ,Z,NZ,Z,N,PP,Z,PP,N,NN,PZ,N,P,PZ,N,Z,NZ,PZ,NZ,PZ,NZ,PZ,NZ,PZ,Z,Z,NZ,PZ,NZ,Z,NZ,PZ,Z,PZ,NZ,PZ,NZ,Z,NZ,N
INDUSINDBK,20190405,1,1,0,1,Z,Z,Z,Z,Z,NN,Z,Z,Z,Z,NN,NN,Z,Z,Z,Z,PZ,Z,NZ,N,N,PZ,NZ,PZ,NZ,Z,NZ,PZ,NZ,PZ,NZ,PZ,Z,Z,NZ,PZ,Z,Z,NZ,Z,N,Z,NZ,PZ,Z,Z,Z,Z,NN,Z,NN,NN,Z,NZ,PP,PZ,N,Z,NZ,PZ,NZ,PZ,NZ,PZ,NZ,Z,NZ,PZ,NZ,PZ,NZ,Z,NZ,PZ,Z,Z,NZ,Z,NZ,Z,N,NN
INFRATEL,20190404,1,0,1,0,PZ,NZ,PZ,P,N,Z,PZ,N,P,P,Z,Z,Z,NZ,Z,NZ,PZ,Z,NZ,N,Z,PZ,Z,Z,NZ,Z,NZ,PZ,NZ,PZ,NZ,PZ,Z,PZ,NZ,PZ,Z,Z,NZ,Z,NZ,PZ,Z,PZ,NZ,Z,N,P,Z,P,Z,Z,PZ,N,P,Z,NZ,PZ,NZ,PZ,NZ,PZ,NZ,Z,NZ,Z,NZ,PZ,Z,PZ,NZ,Z,NZ,PZ,NZ,PZ,NZ,Z,NZ,Z,N,N
INFRATEL,20190405,1,1,0,1,Z,Z,Z,Z,Z,NN,Z,Z,Z,Z,NN,NN,Z,Z,Z,Z,PZ,P,NZ,Z,Z,Z,NZ,PZ,NZ,Z,NZ,PZ,NZ,Z,NZ,PZ,NZ,PZ,NZ,Z,NZ,PZ,NZ,PZ,NZ,PZ,NZ,PZ,NZ,Z,Z,Z,NN,Z,NN,Z,PZ,NZ,Z,PZ,Z,Z,NZ,Z,NZ,PZ,NZ,PZ,NZ,PZ,Z,PZ,NZ,PZ,Z,Z,NZ,Z,NZ,PZ,Z,PZ,NZ,Z,N,Z
INFY,20190404,0,1,0,0,PZ,NZ,PZ,Z,NZ,N,PZ,NZ,P,Z,Z,N,PZ,NZ,PZ,NZ,P,P,Z,Z,Z,Z,NZ,PZ,Z,Z,NZ,PZ,Z,PZ,NZ,PZ,Z,PZ,NZ,Z,NZ,PZ,NZ,PZ,Z,PZ,NZ,Z,NZ,P,Z,Z,N,Z,N,P,PZ,NZ,Z,Z,NZ,PZ,Z,Z,Z,PZ,Z,PZ,Z,PZ,Z,PZ,Z,PZ,Z,Z,NZ,PZ,Z,PZ,Z,Z,NZ,Z,NZ,Z
INFY,20190405,1,1,0,1,Z,Z,Z,Z,Z,NN,Z,Z,Z,Z,NN,NN,Z,Z,Z,Z,PZ,P,NZ,Z,Z,PZ,NZ,Z,NZ,PZ,Z,PZ,Z,PZ,Z,PZ,Z,PZ,Z,PZ,NZ,Z,NZ,PZ,NZ,PZ,NZ,PZ,NZ,Z,Z,Z,NN,Z,NN,Z,P,Z,Z,Z,NZ,PZ,Z,Z,NZ,PZ,Z,PZ,NZ,PZ,Z,PZ,NZ,Z,NZ,PZ,NZ,PZ,Z,PZ,NZ,Z,NZ,PZ,Z,P
IOC,20190404,0,1,0,1,PZ,NZ,PZ,Z,NZ,NN,PZ,NZ,Z,Z,NN,NN,P,NZ,P,NZ,PZ,PZ,NN,NN,Z,Z,N,PZ,NZ,PZ,NZ,PZ,NZ,PZ,NZ,PZ,NZ,PZ,NZ,PZ,Z,PZ,NZ,PZ,NZ,PZ,NZ,Z,NZ,Z,Z,Z,NN,Z,NN,NN,P,NZ,Z,Z,NZ,Z,NZ,Z,NZ,PZ,NZ,PZ,Z,Z,NZ,PZ,NZ,PZ,NZ,Z,NZ,Z,NZ,PZ,NZ,Z,NZ,Z,NZ,Z
IOC,20190405,1,1,0,1,Z,Z,Z,Z,Z,NN,Z,Z,Z,Z,NN,NN,Z,Z,Z,Z,PZ,Z,NZ,NN,Z,PZ,Z,PZ,N,PZ,Z,PZ,NZ,PZ,NZ,PZ,Z,PZ,NZ,PZ,NZ,PZ,NZ,PZ,NZ,PZ,NZ,P,Z,PZ,Z,Z,NN,Z,NN,Z,PZ,NN,Z,Z,N,PZ,NZ,PZ,NZ,PZ,NZ,PZ,NZ,PZ,NZ,PZ,NZ,PZ,Z,PZ,NZ,PZ,NZ,PZ,NZ,Z,NZ,PP,Z,NN
ITC,20190404,0,0,0,1,PZ,NZ,PZ,Z,NZ,N,PZ,NZ,PZ,Z,N,N,PZ,Z,PZ,Z,PZ,Z,Z,N,Z,PZ,NZ,PZ,NZ,Z,NZ,PZ,NZ,PZ,Z,PZ,NZ,Z,NZ,Z,NZ,PZ,Z,PZ,NZ,PZ,NZ,PZ,NZ,PZ,Z,Z,N,Z,N,Z,PZ,NZ,Z,PZ,NZ,PZ,NZ,Z,NZ,PZ,Z,PZ,Z,Z,NZ,PZ,NZ,Z,NZ,PZ,NZ,PZ,NZ,PZ,NZ,Z,NZ,PZ,NZ,N
ITC,20190405,1,1,0,1,Z,Z,Z,Z,Z,NN,Z,Z,Z,Z,NN,NN,Z,Z,Z,Z,PZ,PZ,NZ,N,Z,PZ,Z,PZ,Z,PZ,Z,PZ,Z,PZ,Z,PZ,Z,PZ,NZ,Z,NZ,PZ,NZ,PZ,NZ,Z,NZ,PZ,NZ,Z,Z,Z,NN,Z,NN,Z,PZ,Z,Z,PZ,NZ,PZ,NZ,Z,NZ,PZ,NZ,PZ,Z,PZ,NZ,Z,NZ,Z,NZ,PZ,Z,PZ,NZ,PZ,NZ,PZ,NZ,PZ,Z,Z
JINDALSTEL,20190404,0,0,0,1,Z,N,P,P,N,N,P,N,Z,Z,N,N,PP,NZ,PP,N,PP,PP,NZ,Z,Z,PZ,NZ,PZ,NZ,P,Z,Z,N,PZ,NZ,PZ,Z,PZ,NZ,Z,NZ,PZ,NZ,PZ,NZ,PZ,NZ,PZ,N,PZ,NZ,Z,N,P,NN,Z,PP,NZ,NN,PP,Z,P,Z,PZ,NZ,PZ,NZ,PZ,NZ,PZ,Z,PZ,NZ,PZ,NZ,PZ,N,PZ,NZ,PZ,NZ,PZ,NZ,Z,N,PP
JINDALSTEL,20190405,1,1,0,1,Z,Z,Z,Z,Z,NN,Z,Z,Z,Z,NN,NN,Z,Z,Z,Z,Z,Z,N,N,Z,PZ,NZ,P,Z,PZ,NZ,PZ,NZ,PZ,NZ,PZ,NZ,PZ,NZ,PZ,NZ,PZ,NZ,Z,NN,P,NZ,PZ,NZ,Z,Z,Z,NN,Z,NN,Z,PP,NZ,Z,PZ,NZ,PZ,NZ,P,Z,Z,N,PZ,NZ,PZ,Z,PZ,NZ,Z,NZ,PZ,NZ,PZ,NZ,PZ,NZ,PZ,N,PZ,NZ,Z
JSWSTEEL,20190404,0,1,0,1,PZ,N,PZ,Z,N,NN,PZ,N,Z,Z,NN,NN,P,NZ,P,NZ,PZ,PP,NZ,Z,N,PZ,NZ,PZ,Z,PZ,NZ,PZ,NZ,PZ,NZ,PZ,NZ,Z,NZ,Z,NZ,PZ,NZ,PZ,NZ,Z,NZ,PZ,N,Z,Z,Z,NN,Z,NN,N,P,NZ,Z,PZ,NZ,PZ,NZ,PZ,NZ,PZ,Z,PZ,Z,PZ,NZ,PZ,NZ,PZ,Z,Z,N,PZ,NZ,PZ,NZ,PZ,NZ,Z,N,Z
JSWSTEEL,20190405,1,1,0,1,Z,Z,Z,Z,Z,NN,Z,Z,Z,Z,NN,NN,Z,Z,Z,Z,PZ,Z,N,NN,Z,PZ,NZ,PZ,Z,Z,NZ,PZ,Z,PZ,NZ,PZ,Z,PZ,NZ,PZ,NZ,PZ,NZ,PZ,NZ,PZ,NZ,PZ,NZ,Z,Z,Z,NN,Z,NN,Z,PZ,NZ,P,PZ,NZ,PZ,Z,PZ,NZ,PZ,NZ,PZ,NZ,PZ,NZ,Z,NZ,Z,NZ,PZ,NZ,PZ,NZ,Z,NZ,PZ,N,PZ,Z,N
KOTAKBANK,20190404,0,0,0,1,PZ,NZ,PZ,PZ,NZ,NZ,PZ,N,Z,Z,NZ,NZ,PZ,NZ,PZ,N,Z,Z,NZ,N,Z,Z,NZ,PZ,Z,PZ,Z,PZ,NZ,Z,NZ,Z,NZ,PZ,Z,Z,NZ,Z,NZ,PP,Z,Z,NZ,Z,N,Z,Z,Z,NZ,PZ,N,Z,Z,NZ,Z,Z,NZ,PZ,NZ,PZ,NZ,PZ,Z,PZ,Z,Z,NZ,PZ,Z,PZ,NZ,PZ,NZ,Z,NZ,PZ,Z,Z,NZ,Z,NZ,N
KOTAKBANK,20190405,1,1,0,1,Z,Z,Z,Z,Z,NN,Z,Z,Z,Z,NN,NN,Z,Z,Z,Z,PZ,Z,NZ,NZ,N,PZ,NZ,PZ,NZ,PZ,Z,PZ,Z,Z,NZ,PZ,Z,Z,NZ,PZ,NZ,PZ,NZ,Z,N,PZ,NZ,PZ,NZ,Z,Z,Z,NN,Z,NN,N,Z,NZ,Z,Z,NZ,PZ,Z,PZ,Z,PZ,NZ,Z,NZ,Z,NZ,PZ,Z,Z,NZ,Z,NZ,PP,Z,Z,NZ,Z,N,PZ,Z,Z
LICHSGFIN,20190404,1,0,0,1,PZ,N,PZ,P,NN,N,PZ,NN,P,P,NZ,N,P,NZ,P,NZ,PZ,PZ,Z,NZ,Z,PZ,Z,PZ,NZ,PZ,NZ,PZ,NZ,Z,NZ,PZ,Z,PZ,Z,PZ,NZ,PZ,NZ,PZ,NZ,PZ,NZ,Z,NZ,PZ,NZ,P,N,P,N,Z,PZ,NZ,P,Z,NZ,PZ,NZ,Z,NZ,Z,NZ,Z,NZ,PZ,NZ,PZ,NZ,PZ,NZ,Z,NZ,PZ,Z,PZ,NZ,PZ,NZ,Z,NZ,Z
LICHSGFIN,20190405,1,1,0,1,Z,Z,Z,Z,Z,NN,Z,Z,Z,Z,NN,NN,Z,Z,Z,Z,PZ,P,N,NZ,Z,Z,NZ,PZ,Z,PZ,Z,PZ,NZ,PZ,NZ,P,NZ,Z,NZ,PZ,Z,PZ,NZ,PZ,NZ,Z,NZ,PZ,NZ,Z,Z,Z,NN,Z,NN,N,PZ,Z,Z,PZ,Z,PZ,NZ,PZ,NZ,PZ,NZ,Z,NZ,PZ,Z,PZ,Z,PZ,NZ,PZ,NZ,PZ,NZ,PZ,NZ,Z,NZ,Z,NZ,Z
LT,20190404,0,1,0,1,PZ,NZ,PZ,Z,NZ,NN,PZ,N,Z,Z,NZ,NN,PZ,NZ,PZ,N,P,P,Z,NZ,Z,P,NZ,Z,NZ,Z,NZ,Z,NZ,Z,NZ,Z,Z,PZ,Z,PZ,Z,PZ,NZ,Z,NZ,PZ,Z,Z,NZ,P,Z,Z,NN,Z,NN,P,PZ,NZ,Z,PZ,NZ,PZ,Z,Z,NZ,Z,NZ,Z,NZ,Z,NZ,Z,NZ,PZ,NZ,PZ,NZ,PZ,Z,Z,NZ,Z,NZ,Z,NZ,Z
LT,20190405,1,1,0,1,Z,Z,Z,Z,Z,NN,Z,Z,Z,Z,NN,NN,Z,Z,Z,Z,PZ,Z,NZ,NZ,N,PZ,Z,Z,NZ,Z,NZ,Z,Z,Z,NZ,Z,NZ,Z,NZ,Z,NZ,PZ,Z,Z,NZ,PZ,NZ,PZ,NZ,Z,Z,Z,NN,Z,NN,N,P,Z,Z,P,NZ,Z,NZ,Z,NZ,Z,NZ,Z,NZ,Z,Z,PZ,Z,PZ,Z,PZ,NZ,Z,NZ,PZ,Z,Z,NZ,P,Z,P
LUPIN,20190404,1,0,1,0,PZ,NZ,P,PP,NZ,Z,P,NZ,PP,P,Z,Z,P,NZ,P,NZ,P,PP,NZ,Z,PP,P,Z,Z,NZ,PZ,NZ,PZ,NZ,PZ,Z,PZ,NZ,PZ,Z,PZ,NZ,PZ,NZ,PZ,NZ,PZ,NZ,Z,NZ,PP,N,P,Z,PP,Z,PP,PZ,NZ,Z,PZ,NZ,PZ,NZ,Z,NZ,PZ,Z,PZ,Z,Z,NZ,PZ,Z,PZ,Z,PZ,NZ,PZ,NZ,PZ,NZ,Z,NZ,Z,NZ,Z
LUPIN,20190405,1,1,0,1,Z,Z,Z,Z,Z,NN,Z,Z,Z,Z,NN,NN,Z,Z,Z,Z,PZ,PP,NZ,Z,PP,PZ,NZ,Z,NZ,PZ,Z,Z,NZ,PZ,NZ,PZ,Z,PZ,NZ,PZ,Z,PZ,Z,PZ,NZ,PZ,NZ,P,Z,P,Z,Z,NN,Z,NN,P,P,NZ,NN,P,Z,Z,NZ,PZ,NZ,PZ,NZ,PZ,Z,PZ,NZ,PZ,Z,PZ,NZ,PZ,NZ,PZ,NZ,PZ,NZ,Z,NZ,Z,N,PP
M&M,20190404,0,0,0,1,PZ,N,PZ,PZ,N,N,PZ,N,Z,PZ,NN,N,PZ,NZ,PZ,NZ,P,PP,NZ,Z,NN,PZ,NZ,PZ,NZ,Z,NZ,PZ,NZ,PZ,NZ,Z,NZ,PZ,NZ,PZ,NZ,Z,N,PZ,NZ,Z,NZ,Z,NZ,Z,NZ,PZ,N,PZ,N,NN,PZ,NZ,N,P,NZ,PZ,NZ,PZ,NZ,PZ,NZ,PZ,NZ,PZ,NZ,PZ,NZ,PZ,NZ,PZ,NZ,PZ,NZ,PZ,Z,PZ,Z,Z,NZ,PP
M&M,20190405,1,1,0,1,Z,Z,Z,Z,Z,NN,Z,Z,Z,Z,NN,NN,Z,Z,Z,Z,PZ,Z,N,NN,Z,PZ,Z,Z,NZ,Z,NZ,Z,NZ,PZ,Z,PZ,NZ,Z,NZ,PZ,Z,PZ,NZ,Z,NZ,Z,NZ,PZ,NZ,Z,Z,Z,NN,Z,NN,N,P,NZ,PP,PZ,NZ,PZ,NZ,Z,NZ,PZ,NZ,PZ,NZ,Z,NZ,PZ,NZ,PZ,NZ,Z,N,PZ,NZ,Z,NZ,Z,NZ,Z,NZ,NN
MARUTI,20190404,1,0,1,0,PZ,NZ,PZ,PP,NZ,Z,PZ,NZ,PP,PP,Z,Z,PZ,NZ,PZ,NZ,PZ,PP,NZ,Z,P,PZ,NZ,P,Z,PZ,NZ,PZ,Z,Z,NZ,PZ,NZ,PZ,Z,PZ,NZ,PZ,NZ,PZ,NZ,PZ,NZ,Z,NZ,P,NN,PP,Z,PP,Z,P,PZ,NZ,Z,P,Z,PZ,NZ,PZ,NZ,PZ,NZ,PZ,Z,PZ,NZ,Z,NZ,PZ,NZ,PZ,NZ,Z,NZ,PZ,N,PZ,NZ,Z,NZ,Z
MARUTI,20190405,1,1,0,1,Z,Z,Z,Z,Z,NN,Z,Z,Z,Z,NN,NN,Z,Z,Z,Z,PZ,PP,NZ,Z,Z,Z,NZ,PZ,NZ,PZ,NZ,Z,NZ,PZ,NZ,PZ,NZ,PZ,NZ,Z,NZ,PZ,NZ,PZ,NZ,PZ,NZ,Z,NZ,Z,Z,Z,NN,Z,NN,Z,PZ,NZ,N,PZ,NZ,P,Z,PZ,NZ,PZ,Z,Z,NZ,PZ,NZ,PZ,Z,PZ,NZ,PZ,NZ,PZ,NZ,PZ,NZ,Z,NZ,Z,NN,P
NMDC,20190404,0,0,0,1,PZ,NZ,P,PZ,NZ,N,P,NZ,Z,Z,N,NZ,P,NZ,P,NZ,P,PP,NZ,Z,N,PZ,NZ,PZ,NZ,PZ,NZ,PZ,Z,PZ,NZ,Z,NZ,PZ,NZ,PZ,Z,Z,NZ,PZ,NZ,Z,N,Z,N,Z,Z,Z,NZ,PZ,N,Z,P,NZ,Z,P,NZ,PZ,NZ,PZ,NZ,PZ,NZ,PZ,NZ,PZ,NZ,PZ,NZ,Z,NZ,Z,NZ,Z,NZ,Z,NZ,PZ,NZ,Z,N,P
NMDC,20190405,1,1,0,1,Z,Z,Z,Z,Z,NN,Z,Z,Z,Z,NN,NN,Z,Z,Z,Z,PZ,Z,NZ,N,Z,PZ,NZ,PZ,NZ,Z,NZ,PZ,Z,Z,NZ,PZ,Z,PZ,NZ,PZ,NZ,Z,NZ,Z,NZ,PZ,Z,PZ,Z,PZ,Z,Z,NN,Z,NN,Z,P,NZ,P,PZ,NZ,PZ,NZ,PZ,NZ,PZ,Z,PZ,NZ,Z,NZ,PZ,NZ,PZ,Z,Z,NZ,PZ,NZ,Z,N,Z,N,PZ,Z,Z
NTPC,20190404,0,0,0,0,PZ,NZ,P,P,NZ,NZ,P,NZ,Z,PZ,N,NZ,P,NZ,P,NZ,PZ,Z,N,NN,Z,Z,N,P,Z,Z,NZ,PZ,Z,PZ,NZ,PZ,NZ,Z,NZ,Z,NZ,PZ,NZ,PZ,NZ,PZ,NZ,PZ,NZ,Z,Z,PZ,NZ,P,NZ,Z,PP,NZ,P,PZ,NZ,PZ,Z,PZ,NZ,PZ,NZ,Z,NZ,PZ,Z,PZ,NZ,Z,NZ,PZ,NZ,Z,NZ,PZ,Z,Z,NN,Z,N,N
NTPC,20190405,1,1,0,1,Z,Z,Z,Z,Z,NN,Z,Z,Z,Z,NN,NN,Z,Z,Z,Z,PZ,Z,NZ,N,Z,PZ,NZ,Z,NZ,PZ,NZ,PZ,Z,PZ,NZ,PZ,Z,PZ,NZ,PZ,NZ,PZ,NZ,PZ,NZ,PZ,NZ,PZ,NZ,PZ,Z,Z,NN,Z,NN,Z,PZ,N,Z,Z,N,P,Z,Z,NZ,PZ,Z,PZ,NZ,PZ,NZ,Z,NZ,Z,NZ,PZ,NZ,PZ,NZ,PZ,NZ,PZ,NZ,PZ,Z,Z
ONGC,20190404,0,1,0,1,PZ,N,PZ,Z,N,NN,PZ,N,Z,Z,NN,NN,PZ,NZ,PZ,NZ,Z,PP,NN,NZ,Z,PZ,NZ,PZ,NZ,PZ,NZ,PZ,Z,PZ,NZ,PZ,NZ,Z,NZ,PZ,NZ,Z,NZ,PZ,Z,Z,NZ,Z,NZ,Z,Z,Z,NN,Z,NN,NN,P,NZ,N,PZ,NZ,PZ,Z,PZ,NZ,PZ,NZ,PZ,NZ,PZ,NZ,PZ,NZ,PZ,NZ,PZ,NZ,PZ,NZ,PZ,NZ,PP,Z,Z,NZ,P
ONGC,20190405,1,1,0,1,Z,Z,Z,Z,Z,NN,Z,Z,Z,Z,NN,NN,Z,Z,Z,Z,PZ,Z,N,NN,Z,PZ,NZ,PZ,NZ,PZ,Z,PZ,NZ,PZ,NZ,PZ,NZ,PZ,NZ,PZ,NZ,PZ,Z,Z,NZ,PZ,NZ,P,Z,Z,Z,Z,NN,Z,NN,Z,Z,NN,Z,PZ,NZ,PZ,NZ,PZ,NZ,PZ,Z,PZ,NZ,PZ,NZ,Z,NZ,PZ,NZ,Z,NZ,PZ,Z,Z,NZ,Z,NZ,P,Z,NN
PFC,20190404,0,0,0,1,PZ,NZ,PZ,PZ,N,N,PZ,N,Z,PZ,NN,NZ,PZ,N,PZ,N,P,PP,N,Z,N,PZ,N,Z,NZ,PZ,NZ,PZ,Z,PZ,NZ,PZ,NZ,PZ,NZ,PZ,NZ,PZ,NZ,PZ,NZ,PZ,NZ,PZ,N,Z,NZ,PZ,NZ,PZ,N,NN,PZ,NZ,NN,P,N,PZ,NZ,PZ,NZ,PZ,Z,PP,Z,P,NZ,PZ,NZ,PZ,NZ,PZ,NZ,Z,NZ,PZ,NZ,PZ,NZ,PZ,NZ,PP
PFC,20190405,1,1,0,1,Z,Z,Z,Z,Z,NN,Z,Z,Z,Z,NN,NN,Z,Z,Z,Z,PZ,Z,NZ,NN,Z,Z,N,PZ,NZ,PZ,Z,PZ,NZ,Z,NZ,PZ,NZ,PZ,NZ,PZ,NZ,PZ,NZ,PZ,N,Z,NZ,P,Z,Z,Z,Z,NN,Z,NN,Z,P,N,P,PZ,N,Z,NZ,PZ,NZ,PZ,Z,PZ,NZ,PZ,NZ,PZ,NZ,PZ,NZ,PZ,NZ,PZ,NZ,PZ,NZ,PZ,N,Z,NZ,NN
PNB,20190404,0,1,0,1,P,NZ,P,Z,N,NN,P,N,Z,Z,NN,NN,P,N,P,N,PZ,P,Z,Z,P,P,Z,P,NZ,P,Z,PZ,NZ,PZ,Z,PZ,NZ,PZ,NZ,PZ,NZ,PZ,NZ,PZ,NZ,PZ,NZ,PZ,N,P,Z,Z,NN,Z,NN,P,P,NZ,P,Z,N,PZ,NZ,Z,NZ,PZ,Z,PZ,NZ,Z,NZ,PZ,Z,PZ,NZ,Z,NZ,PZ,NZ,PZ,NZ,PZ,NZ,Z,NZ,Z
PNB,20190405,1,1,0,1,Z,Z,Z,Z,Z,NN,Z,Z,Z,Z,NN,NN,Z,Z,Z,Z,P,Z,NZ,NN,Z,PZ,NZ,PZ,NZ,PZ,NZ,PZ,NZ,PZ,NN,PP,Z,Z,N,PZ,NZ,PZ,NZ,PZ,N,Z,NZ,PZ,Z,Z,Z,Z,NN,Z,NN,Z,PZ,Z,N,P,Z,P,NZ,P,Z,PZ,NZ,PZ,Z,PZ,NZ,PZ,NZ,PZ,NZ,PZ,NZ,PZ,NZ,PZ,NZ,PZ,N,PP,Z,P
POWERGRID,20190404,1,0,1,0,PZ,NZ,PZ,PP,N,Z,PZ,N,PP,PP,Z,Z,PZ,N,PZ,N,PZ,PZ,NZ,NZ,N,Z,NZ,PZ,NZ,PZ,NZ,PZ,NZ,Z,NZ,PZ,NZ,PZ,NZ,Z,NZ,Z,N,PZ,Z,PZ,NZ,Z,NZ,Z,NN,PP,Z,PP,Z,N,PZ,NZ,Z,PZ,NZ,PZ,Z,PZ,Z,PZ,NZ,PZ,NZ,PZ,Z,Z,NZ,PZ,NZ,PZ,NZ,PZ,NZ,PZ,Z,PZ,NZ,Z,NZ,Z
POWERGRID,20190405,1,1,0,1,Z,Z,Z,Z,Z,NN,Z,Z,Z,Z,NN,NN,Z,Z,Z,Z,PZ,PP,NZ,Z,N,PZ,Z,PZ,NZ,Z,NZ,Z,NZ,Z,NZ,Z,NZ,Z,NZ,Z,NZ,PZ,Z,PZ,NZ,PZ,Z,Z,NZ,Z,Z,Z,NN,Z,NN,N,PZ,NZ,P,Z,NZ,PZ,NZ,PZ,NZ,PZ,NZ,Z,NZ,PZ,NZ,PZ,NZ,Z,NZ,Z,N,PZ,Z,PZ,NZ,Z,NZ,Z,NN,N
RCOM,20190404,0,1,0,1,P,N,PP,Z,N,NN,PP,N,Z,Z,NN,NN,PP,NN,PP,NN,Z,Z,NN,NN,N,P,N,Z,Z,Z,Z,Z,Z,Z,Z,Z,Z,Z,Z,Z,Z,Z,Z,Z,Z,Z,Z,Z,Z,Z,Z,Z,NN,Z,NN,NN,Z,Z,Z,Z,Z,Z,Z,Z,Z,Z,Z,Z,Z,Z,Z,Z,Z,Z,Z,Z,Z,Z,Z,Z,Z,Z,Z,P,Z,Z
RCOM,20190405,1,1,0,1,Z,Z,Z,Z,Z,NN,Z,Z,Z,Z,NN,NN,Z,Z,Z,Z,P,Z,N,NN,NN,PP,NN,Z,Z,Z,Z,Z,Z,Z,Z,Z,Z,Z,Z,Z,Z,Z,Z,Z,Z,Z,Z,Z,Z,Z,Z,Z,NN,Z,NN,N,Z,NN,P,P,N,Z,Z,Z,Z,Z,Z,Z,Z,Z,Z,Z,Z,Z,Z,Z,Z,Z,Z,Z,Z,Z,Z,PP,Z,NN
RELCAPITAL,20190404,0,1,0,1,PZ,N,P,Z,N,NN,P,NN,Z,Z,NN,NN,PP,NZ,PP,NN,PZ,PZ,NZ,NZ,P,PZ,NZ,PZ,Z,P,Z,P,NZ,Z,NZ,PZ,Z,PZ,NZ,PZ,NZ,Z,NZ,PZ,NZ,PZ,NZ,PZ,NZ,PZ,Z,Z,NN,Z,NN,Z,PZ,NZ,Z,PZ,N,PZ,N,PZ,NZ,P,Z,Z,NZ,PZ,NZ,PZ,NZ,Z,NZ,PZ,NZ,PZ,NZ,PZ,NZ,PZ,N,PZ,NZ,Z
RELCAPITAL,20190405,1,1,0,1,Z,Z,Z,Z,Z,NN,Z,Z,Z,Z,NN,NN,Z,Z,Z,Z,PZ,Z,N,NN,NN,P,NZ,PZ,NZ,PZ,NZ,PZ,NZ,PZ,NZ,PP,Z,PZ,N,PZ,NZ,PZ,NZ,PZ,N,Z,N,PZ,N,Z,Z,Z,NN,Z,NN,NN,PZ,NZ,N,PZ,NZ,PZ,Z,P,Z,P,NZ,Z,NZ,PZ,Z,PZ,NZ,PZ,NZ,Z,NZ,PZ,NZ,PZ,NZ,PZ,NZ,PP,Z,Z
RELIANCE,20190404,0,1,0,1,PZ,NZ,PZ,Z,N,NN,PZ,NN,PZ,Z,Z,N,PZ,N,PZ,NN,PZ,PZ,NZ,NZ,P,PZ,NZ,Z,NZ,PZ,NZ,PZ,Z,PZ,Z,PZ,NZ,PZ,Z,PZ,Z,PZ,Z,PZ,NZ,PZ,NZ,Z,NZ,P,Z,Z,N,Z,NN,P,PZ,NZ,Z,Z,NZ,PZ,NZ,PZ,NZ,PZ,NZ,PZ,Z,Z,NZ,PZ,NZ,PZ,Z,PZ,NZ,Z,NZ,PZ,NZ,PZ,NZ,Z,NZ,Z
RELIANCE,20190405,1,1,0,1,Z,Z,Z,Z,Z,NN,Z,Z,Z,Z,NN,NN,Z,Z,Z,Z,PZ,PZ,NZ,Z,N,PZ,NZ,Z,NZ,PZ,Z,PZ,Z,Z,NZ,PZ,NZ,PZ,NZ,Z,NZ,PZ,NZ,PZ,NZ,Z,NZ,PZ,NZ,Z,Z,Z,NN,Z,NN,N,PZ,NZ,N,PZ,NZ,Z,NZ,PZ,NZ,PZ,Z,PZ,Z,PZ,NZ,PZ,Z,PZ,Z,PZ,Z,PZ,NZ,PZ,NZ,Z,NZ,PZ,Z,P
RELINFRA,20190404,0,0,0,1,PZ,N,PZ,PZ,NN,NN,PZ,NN,PZ,PZ,N,N,PZ,N,PZ,NN,PZ,P,N,Z,Z,Z,N,PZ,NZ,P,Z,P,NZ,Z,NZ,PZ,NZ,Z,NZ,PZ,Z,Z,NZ,PZ,Z,P,NZ,PZ,N,Z,NZ,PZ,N,PZ,NN,Z,PP,NZ,P,PZ,N,PZ,N,PZ,N,P,Z,PZ,NZ,P,NZ,PZ,N,PZ,NZ,PZ,NZ,PZ,NZ,PZ,NZ,PZ,N,Z,NZ,Z
RELINFRA,20190405,1,1,0,1,Z,Z,Z,Z,Z,NN,Z,Z,Z,Z,NN,NN,Z,Z,Z,Z,PZ,PZ,N,N,NN,PZ,NZ,PZ,Z,PZ,NZ,PZ,NZ,PZ,N,P,Z,PZ,NZ,PZ,NZ,PZ,NZ,PZ,N,PZ,N,PZ,NZ,Z,Z,Z,NN,Z,NN,NN,PZ,N,Z,Z,N,PZ,NZ,P,Z,P,NZ,Z,NZ,PZ,NZ,Z,NZ,PZ,Z,Z,NZ,PZ,Z,P,NZ,PZ,N,Z,NZ,Z
RPOWER,20190404,0,1,0,1,PZ,NZ,PZ,Z,N,NN,PZ,NN,Z,Z,NN,NN,PZ,NZ,PZ,N,PZ,PP,N,Z,NN,PZ,N,PZ,NZ,Z,NZ,PZ,NZ,PZ,NZ,Z,NZ,PZ,NZ,PZ,Z,PZ,Z,Z,NZ,PZ,NZ,PZ,N,Z,Z,Z,NN,Z,NN,NN,PP,Z,NN,PP,NZ,Z,NN,Z,N,P,NZ,PZ,NZ,PP,NZ,PZ,NZ,PZ,NZ,PZ,N,PZ,N,PZ,NZ,P,NZ,Z,NZ,PP
RPOWER,20190405,1,1,0,1,Z,Z,Z,Z,Z,NN,Z,Z,Z,Z,NN,NN,Z,Z,Z,Z,PZ,Z,NZ,NN,Z,Z,NZ,Z,NZ,P,Z,PZ,NZ,PZ,NZ,Z,NZ,PZ,NZ,Z,NZ,PZ,NZ,PZ,NZ,Z,NZ,PZ,Z,Z,Z,Z,NN,Z,NN,N,PZ,N,PP,PZ,N,PZ,NZ,Z,NZ,PZ,NZ,PZ,NZ,Z,NZ,PZ,NZ,PZ,Z,PZ,Z,Z,NZ,PZ,NZ,PZ,N,PP,Z,NN
SAIL,20190404,1,0,1,0,PZ,N,P,PP,NN,Z,P,NN,PP,PP,Z,Z,PP,N,PP,N,PP,PP,NZ,Z,Z,PZ,NZ,PZ,NZ,PZ,Z,PZ,NZ,PZ,Z,P,Z,PZ,NZ,Z,NZ,PZ,NZ,PZ,NZ,PZ,NZ,Z,N,PZ,NN,PP,Z,PP,Z,Z,PP,Z,NN,P,NZ,PZ,N,PZ,Z,P,NZ,PZ,NZ,Z,NZ,PZ,Z,PZ,NZ,PZ,NZ,PZ,NZ,PZ,NZ,PZ,NZ,Z,N,PP
SAIL,20190405,1,1,0,1,Z,Z,Z,Z,Z,NN,Z,Z,Z,Z,NN,NN,Z,Z,Z,Z,PZ,PP,N,Z,P,Z,N,PZ,NZ,PZ,NZ,Z,NZ,Z,N,P,Z,PZ,Z,P,Z,P,Z,PZ,N,PZ,NZ,P,NZ,P,Z,Z,NN,Z,NN,Z,PP,NZ,Z,PZ,NZ,PZ,NZ,PZ,Z,PZ,NZ,PZ,Z,P,Z,PZ,NZ,Z,NZ,PZ,NZ,PZ,NZ,PZ,NZ,Z,N,Z,NN,Z
SBIN,20190404,0,0,0,1,PZ,NZ,P,PZ,N,N,P,N,Z,Z,NZ,NZ,P,NZ,P,NZ,P,P,Z,Z,Z,PZ,NZ,PZ,NZ,PZ,Z,PZ,NZ,PZ,Z,Z,NZ,PZ,Z,PZ,Z,PZ,NZ,P,Z,PZ,NZ,Z,N,PZ,NZ,Z,NZ,PZ,N,Z,PZ,NZ,Z,Z,N,Z,NZ,Z,NZ,PZ,Z,PZ,Z,Z,NZ,PZ,Z,PZ,NZ,Z,NZ,PZ,NZ,PZ,NZ,PZ,Z,Z,NZ,Z
SBIN,20190405,1,1,0,1,Z,Z,Z,Z,Z,NN,Z,Z,Z,Z,NN,NN,Z,Z,Z,Z,PZ,Z,NZ,NZ,Z,PZ,NZ,Z,NZ,PZ,NZ,PZ,Z,Z,N,P,Z,Z,NZ,PZ,NZ,PZ,NZ,PZ,NZ,PZ,NZ,PZ,NZ,PZ,Z,Z,NN,Z,NN,Z,P,Z,Z,PZ,NZ,PZ,NZ,PZ,Z,PZ,NZ,PZ,Z,Z,NZ,PZ,Z,PZ,Z,PZ,NZ,P,Z,PZ,NZ,Z,N,PZ,NZ,Z
SIEMENS,20190404,1,0,1,0,Z,N,Z,PP,NN,Z,Z,NN,PP,PP,Z,Z,PZ,NZ,PZ,NZ,PZ,PP,NZ,Z,Z,PZ,Z,Z,NZ,Z,NZ,Z,NZ,Z,NZ,PZ,Z,Z,NZ,PZ,NZ,PZ,NZ,PZ,Z,Z,NZ,PZ,NZ,Z,NN,PP,Z,PP,Z,Z,P,NZ,Z,PZ,NZ,Z,NZ,Z,NZ,Z,NZ,PZ,Z,PZ,NZ,PZ,Z,PZ,NZ,Z,NZ,Z,NZ,PZ,NZ,P,Z,Z,NZ,PP
SIEMENS,20190405,1,1,0,1,Z,Z,Z,Z,Z,NN,Z,Z,Z,Z,NN,NN,Z,Z,Z,Z,Z,PP,N,Z,Z,PZ,NZ,PZ,Z,PZ,NZ,Z,NZ,PZ,NZ,PZ,Z,PZ,NZ,PZ,Z,PZ,NZ,PZ,NZ,PZ,NZ,PZ,NZ,Z,Z,Z,NN,Z,NN,NN,PZ,NZ,Z,PZ,Z,Z,NZ,Z,NZ,Z,NZ,Z,NZ,PZ,Z,Z,NZ,PZ,NZ,PZ,NZ,PZ,Z,Z,NZ,PZ,NZ,Z,NN,Z
SUNPHARMA,20190404,0,1,0,1,PZ,NZ,P,Z,NZ,NN,P,NZ,Z,Z,NN,NN,P,NZ,P,NZ,PZ,P,NZ,Z,Z,Z,NZ,PZ,NZ,PZ,NZ,PZ,Z,PZ,Z,PZ,NZ,PZ,Z,PZ,NZ,PZ,NZ,PZ,NZ,PZ,Z,PZ,NZ,Z,Z,Z,NN,Z,NN,Z,PZ,NZ,Z,PZ,NZ,Z,N,Z,N,PZ,Z,PZ,NZ,Z,NZ,PZ,Z,PZ,NZ,PZ,NZ,PZ,Z,PZ,NZ,PZ,NZ,Z,NZ,Z
SUNPHARMA,20190405,1,1,0,1,Z,Z,Z,Z,Z,NN,Z,Z,Z,Z,NN,NN,Z,Z,Z,Z,PZ,Z,NZ,NN,Z,PZ,NZ,PZ,NZ,PZ,Z,PZ,NZ,PZ,NZ,PZ,Z,PZ,NZ,PZ,NZ,Z,NZ,Z,NZ,PZ,Z,PZ,NZ,PZ,Z,Z,NN,Z,NN,Z,PZ,NZ,Z,Z,NZ,PZ,NZ,PZ,NZ,PZ,Z,PZ,Z,PZ,NZ,PZ,Z,PZ,NZ,PZ,NZ,PZ,NZ,PZ,Z,PZ,NZ,PP,Z,Z
SUNTV,20190404,1,0,0,0,P,NZ,P,P,NZ,N,P,NZ,P,P,NZ,NZ,PZ,N,PZ,N,PZ,PP,NZ,Z,Z,PZ,NZ,PZ,NZ,PP,NZ,Z,N,PZ,NZ,PZ,NZ,PZ,NZ,Z,NZ,Z,NZ,PZ,NZ,PZ,NZ,PZ,NZ,Z,Z,P,NZ,P,N,Z,PZ,NZ,NN,P,NZ,P,Z,PZ,NZ,P,Z,P,Z,PZ,NZ,PZ,NZ,Z,N,Z,N,PZ,Z,Z,NZ,PZ,NZ,Z,NZ,PP
SUNTV,20190405,1,1,0,1,Z,Z,Z,Z,Z,NN,Z,Z,Z,Z,NN,NN,Z,Z,Z,Z,P,P,NZ,NZ,Z,PZ,N,P,NZ,Z,NZ,PZ,NZ,PZ,NZ,PZ,Z,Z,NZ,PZ,NZ,PZ,NZ,PZ,NZ,PZ,NZ,PZ,NZ,Z,Z,Z,NN,Z,NN,Z,PZ,NZ,Z,PZ,NZ,PZ,NZ,PP,NZ,Z,N,PZ,NZ,PZ,NZ,PZ,NZ,Z,NZ,Z,NZ,PZ,NZ,PZ,NZ,PZ,NZ,Z,Z,Z
TATAGLOBAL,20190404,1,0,0,0,PZ,N,P,P,N,N,P,N,PP,PZ,Z,NZ,PP,NZ,PP,NZ,PZ,PP,Z,Z,Z,PZ,NZ,PZ,NZ,PZ,NZ,PZ,NZ,PZ,Z,Z,NZ,PZ,Z,PZ,NZ,P,NZ,Z,NZ,PZ,NZ,Z,NZ,P,NZ,PZ,NZ,PP,N,P,P,Z,N,PZ,NZ,PZ,NZ,PZ,NZ,PZ,NZ,PZ,Z,PZ,Z,Z,NZ,Z,NZ,P,Z,PZ,NZ,Z,NZ,PZ,NZ,Z,NZ,PP
TATAGLOBAL,20190405,1,1,0,1,Z,Z,Z,Z,Z,NN,Z,Z,Z,Z,NN,NN,Z,Z,Z,Z,PZ,PP,N,Z,PP,PZ,NZ,PZ,NZ,PZ,Z,PZ,Z,Z,NZ,PZ,NZ,PZ,Z,PZ,Z,PZ,Z,PZ,NZ,P,Z,Z,NZ,P,Z,Z,NN,Z,NN,P,PZ,Z,Z,PZ,NZ,PZ,NZ,PZ,NZ,PZ,NZ,PZ,Z,Z,NZ,PZ,Z,PZ,NZ,P,NZ,Z,NZ,PZ,NZ,Z,NZ,Z,NZ,P
TATAMOTORS,20190404,1,0,1,0,P,NZ,P,PP,NZ,Z,PP,NZ,PP,PP,Z,Z,PZ,NZ,P,NZ,PP,PP,Z,Z,PP,PP,NZ,PZ,NZ,Z,NZ,PZ,Z,PZ,NZ,PZ,Z,P,NZ,Z,NZ,PZ,NZ,PZ,NZ,PP,NZ,PZ,NZ,PP,NN,PP,Z,PP,Z,PP,P,NZ,Z,PZ,NZ,PZ,NZ,PZ,NZ,PZ,Z,PZ,Z,PZ,NZ,PZ,Z,PZ,NZ,PZ,NZ,PZ,NZ,PZ,NZ,Z,NZ,Z,N,P
TATAMOTORS,20190405,1,1,0,1,Z,Z,Z,Z,Z,NN,Z,Z,Z,Z,NN,NN,Z,Z,Z,Z,P,PP,NZ,Z,P,PZ,Z,PZ,NZ,Z,NZ,PZ,Z,Z,NZ,PZ,NZ,Z,NZ,Z,NZ,P,Z,PZ,NZ,PZ,Z,PZ,NZ,PP,Z,Z,NN,Z,NN,PP,PP,Z,NN,PP,NZ,PZ,NZ,Z,NZ,PZ,Z,PZ,NZ,PZ,Z,P,NZ,Z,NZ,PZ,NZ,PZ,NZ,PP,NZ,PZ,NZ,Z,NN,PP
TATAMTRDVR,20190404,1,0,1,0,P,Z,P,PP,NZ,Z,P,NZ,PP,PP,Z,Z,PZ,NZ,PZ,NZ,PP,PP,NZ,Z,PP,PP,Z,PZ,NZ,PZ,NZ,PZ,NZ,PZ,NZ,PZ,Z,P,NZ,Z,N,PZ,NZ,PZ,Z,P,NZ,PZ,NZ,PP,NN,PP,Z,PP,Z,PP,P,NZ,Z,PZ,NZ,PZ,NZ,PZ,NZ,PZ,NZ,PZ,Z,PZ,Z,PZ,Z,PZ,NZ,Z,N,PZ,NZ,PZ,NZ,Z,NZ,Z,N,Z
TATAMTRDVR,20190405,1,1,0,1,Z,Z,Z,Z,Z,NN,Z,Z,Z,Z,NN,NN,Z,Z,Z,Z,P,PP,Z,Z,Z,PZ,NZ,PZ,NZ,Z,NZ,PZ,Z,Z,NZ,PZ,Z,PZ,NZ,Z,NZ,PZ,NZ,PZ,NZ,PZ,NZ,PZ,NZ,P,Z,Z,NN,Z,NN,Z,PP,NZ,NN,PP,Z,PZ,NZ,PZ,NZ,PZ,NZ,PZ,NZ,PZ,Z,P,NZ,Z,N,PZ,NZ,PZ,Z,P,NZ,PZ,NZ,Z,NN,PP
TATAPOWER,20190404,0,1,0,1,P,N,P,Z,N,NN,P,N,Z,Z,NN,NN,P,NZ,P,NZ,PZ,PP,NZ,Z,Z,PZ,NZ,P,Z,P,Z,Z,NZ,PZ,NZ,PZ,NZ,Z,NZ,PZ,NZ,Z,NZ,PZ,NZ,PZ,NZ,PZ,NZ,PZ,Z,Z,NN,Z,NN,Z,PZ,NZ,NN,PZ,NZ,PZ,NZ,PP,NZ,PZ,NZ,PZ,NZ,PZ,NZ,Z,NZ,PZ,NZ,Z,NZ,PZ,NZ,PZ,NZ,PZ,Z,Z,NZ,PP
TATAPOWER,20190405,1,1,0,1,Z,Z,Z,Z,Z,NN,Z,Z,Z,Z,NN,NN,Z,Z,Z,Z,P,Z,N,NN,Z,PZ,NZ,PZ,Z,PZ,Z,PZ,NZ,PZ,NZ,PZ,Z,Z,NZ,PZ,NZ,PZ,NZ,PZ,NZ,Z,NZ,PZ,NZ,Z,Z,Z,NN,Z,NN,N,PZ,NZ,Z,PZ,NZ,P,Z,P,Z,Z,NZ,PZ,NZ,PZ,NZ,Z,NZ,PZ,NZ,Z,NZ,PZ,NZ,PZ,NZ,PZ,NZ,PP,Z,Z
TATASTEEL,20190404,0,0,0,1,Z,NZ,PZ,PZ,N,N,PZ,N,PZ,Z,NZ,N,P,NZ,P,NZ,P,PP,NZ,Z,Z,PZ,NZ,PZ,Z,PZ,NZ,PZ,NZ,PZ,Z,PZ,Z,PZ,NZ,PZ,NZ,PZ,Z,PZ,NZ,Z,NZ,Z,N,P,Z,Z,N,PZ,N,P,PZ,NZ,N,PZ,NZ,PZ,NZ,PZ,Z,PZ,Z,PZ,Z,PZ,NZ,PZ,Z,PZ,NZ,Z,NZ,PZ,NZ,PZ,NZ,PZ,NZ,Z,N,PP
TATASTEEL,20190405,1,1,0,1,Z,Z,Z,Z,Z,NN,Z,Z,Z,Z,NN,NN,Z,Z,Z,Z,Z,PZ,NZ,NZ,Z,PZ,NZ,PZ,Z,PZ,NZ,PZ,Z,PZ,NZ,PZ,NZ,P,Z,Z,NZ,PZ,NZ,Z,NZ,PZ,NZ,PZ,NZ,Z,Z,Z,NN,Z,NN,Z,P,NZ,Z,PZ,NZ,PZ,Z,PZ,NZ,PZ,NZ,PZ,Z,PZ,Z,PZ,NZ,PZ,NZ,PZ,Z,PZ,NZ,Z,NZ,Z,N,PZ,Z,P
TCS,20190404,1,0,0,1,Z,NZ,Z,PP,N,Z,Z,NN,PP,PP,Z,Z,PZ,N,PZ,NN,PZ,Z,NZ,NZ,Z,PZ,NZ,PZ,Z,PZ,NZ,PZ,Z,PZ,Z,PZ,NZ,PZ,Z,Z,NZ,PZ,Z,PZ,NZ,PZ,Z,Z,NZ,P,NN,PP,Z,PP,N,P,PZ,NZ,Z,Z,N,PZ,NZ,PZ,NZ,PZ,NZ,PZ,NZ,PZ,Z,PZ,Z,Z,NZ,PZ,Z,PZ,NZ,PZ,NZ,Z,NZ,Z,NZ,Z
TCS,20190405,1,1,0,1,Z,Z,Z,Z,Z,NN,Z,Z,Z,Z,NN,NN,Z,Z,Z,Z,Z,PP,NZ,Z,NN,PZ,NZ,PZ,Z,PZ,Z,Z,NZ,PZ,NZ,Z,NZ,Z,NZ,Z,NZ,Z,N,PZ,NZ,PZ,NZ,PZ,NZ,Z,Z,Z,NN,Z,NN,NN,PZ,NZ,Z,PZ,NZ,PZ,Z,PZ,NZ,PZ,Z,PZ,Z,PZ,NZ,PZ,Z,Z,NZ,PZ,Z,PZ,NZ,PZ,Z,Z,NZ,Z,NN,P
TECHM,20190404,0,1,0,1,PZ,N,PZ,Z,N,NN,PZ,N,Z,Z,NN,NN,P,NZ,P,NZ,PZ,PZ,NZ,Z,Z,PZ,NZ,PZ,Z,Z,NZ,PZ,NZ,PZ,Z,PZ,Z,PZ,Z,PZ,Z,Z,NZ,PZ,NZ,PZ,NZ,Z,NZ,PZ,Z,Z,NN,Z,NN,Z,PZ,NZ,Z,PZ,NZ,PZ,NZ,Z,NZ,PZ,NZ,PZ,Z,Z,NZ,Z,NZ,PZ,Z,PZ,NZ,PZ,Z,PZ,NZ,Z,NZ,Z,NZ,Z
TECHM,20190405,1,1,0,1,Z,Z,Z,Z,Z,NN,Z,Z,Z,Z,NN,NN,Z,Z,Z,Z,PZ,Z,N,NN,Z,PZ,NZ,PZ,Z,PZ,NZ,PZ,Z,PZ,Z,Z,NZ,Z,Z,PZ,Z,PZ,NZ,Z,NZ,PZ,NZ,PZ,Z,Z,Z,Z,NN,Z,NN,Z,PZ,NZ,Z,PZ,NZ,PZ,Z,Z,NZ,PZ,NZ,PZ,Z,PZ,Z,PZ,Z,PZ,Z,Z,NZ,PZ,NZ,PZ,NZ,Z,NZ,PZ,Z,Z
Test_Name1,19000101,0,0,0,0,P,N,P,P,N,N,P,N,P,P,N,N,P,N,P,N,P,P,N,N,N,P,N,P,N,P,N,P,N,P,N,P,N,P,N,P,N,P,N,P,N,P,N,P,N,P,N,P,N,P,N,N,P,N,N,P,N,P,N,P,N,P,N,P,N,P,N,P,N,P,N,P,N,P,N,P,N,P,N,P,N,N
Test_Name2,19000101,0,0,0,0,PP,NN,PP,PP,NN,NN,PP,NN,PP,PP,NN,NN,PP,NN,PP,NN,PP,PP,NN,NN,NN,PP,NN,PP,NN,PP,NN,PP,NN,PP,NN,PP,NN,PP,NN,PP,NN,PP,NN,PP,NN,PP,NN,PP,NN,PP,NN,PP,NN,PP,NN,NN,PP,NN,NN,PP,NN,PP,NN,PP,NN,PP,NN,PP,NN,PP,NN,PP,NN,PP,NN,PP,NN,PP,NN,PP,NN,PP,NN,PP,NN,NN
Test_Name3,19000101,0,0,0,0,PZ,NZ,PZ,PZ,NZ,NZ,PZ,NZ,PZ,PZ,NZ,NZ,PZ,NZ,PZ,NZ,PZ,PZ,NZ,NZ,P,PZ,NZ,PZ,NZ,PZ,NZ,PZ,NZ,PZ,NZ,PZ,NZ,PZ,NZ,PZ,NZ,PZ,NZ,PZ,NZ,PZ,NZ,PZ,NZ,PZ,NZ,PZ,NZ,PZ,NZ,P,PZ,NZ,P,PZ,NZ,PZ,NZ,PZ,NZ,PZ,NZ,PZ,NZ,PZ,NZ,PZ,NZ,PZ,NZ,PZ,NZ,PZ,NZ,PZ,NZ,PZ,NZ,PZ,NZ,P
Test_Name4,19000101,0,0,0,0,Z,Z,Z,Z,Z,Z,Z,Z,Z,Z,Z,Z,Z,Z,Z,Z,Z,Z,Z,Z,PP,Z,Z,Z,Z,Z,Z,Z,Z,Z,Z,Z,Z,Z,Z,Z,Z,Z,Z,Z,Z,Z,Z,Z,Z,Z,Z,Z,Z,Z,Z,PP,Z,Z,PP,Z,Z,Z,Z,Z,Z,Z,Z,Z,Z,Z,Z,Z,Z,Z,Z,Z,Z,Z,Z,Z,Z,Z,Z,Z,Z,PP
Test_Name5,19000101,0,0,0,0,Z,Z,Z,Z,Z,Z,Z,Z,Z,Z,Z,Z,Z,Z,Z,Z,Z,Z,Z,Z,Z,Z,Z,Z,Z,Z,Z,Z,Z,Z,Z,Z,Z,Z,Z,Z,Z,Z,Z,Z,Z,Z,Z,Z,Z,Z,Z,Z,Z,Z,Z,Z,Z,Z,Z,Z,Z,Z,Z,Z,Z,Z,Z,Z,Z,Z,Z,Z,Z,Z,Z,Z,Z,Z,Z,Z,Z,Z,Z,Z,Z,Z
TITAN,20190404,0,0,0,1,PZ,NZ,PZ,PZ,NZ,N,PZ,N,Z,Z,NN,N,PZ,NZ,PZ,N,PZ,P,NZ,Z,NN,PZ,NZ,PZ,NZ,Z,NZ,PZ,NZ,PZ,NZ,Z,NZ,PZ,Z,Z,NZ,Z,NZ,PZ,NZ,Z,NZ,PZ,NZ,Z,Z,Z,N,PZ,NN,N,Z,NZ,N,Z,NZ,PZ,NZ,PZ,NZ,PZ,Z,PZ,Z,PZ,NZ,PZ,NZ,Z,NZ,PZ,NZ,P,Z,P,Z,P,NZ,PZ,Z,Z
TITAN,20190405,1,1,0,1,Z,Z,Z,Z,Z,NN,Z,Z,Z,Z,NN,NN,Z,Z,Z,Z,PZ,Z,NZ,NN,Z,PZ,Z,PZ,Z,PZ,Z,PZ,NZ,PZ,NZ,PZ,Z,Z,NZ,PZ,NZ,Z,NZ,Z,NZ,PZ,NZ,PZ,NZ,Z,Z,Z,NN,Z,NN,Z,PZ,NZ,PP,PZ,NZ,PZ,NZ,Z,NZ,PZ,NZ,PZ,NZ,Z,NZ,PZ,Z,Z,NZ,Z,NZ,PZ,NZ,Z,NZ,PZ,NZ,PZ,Z,N
ULTRACEMCO,20190404,0,0,0,1,PZ,NZ,P,P,NZ,N,P,NZ,PZ,PZ,N,N,P,NZ,P,NZ,P,PP,NZ,Z,Z,P,Z,Z,NZ,Z,NZ,PZ,NZ,PZ,NZ,PZ,NZ,PZ,Z,Z,NZ,PZ,Z,PZ,Z,PZ,NZ,Z,N,PZ,Z,PZ,N,P,N,Z,PZ,NZ,N,PZ,NZ,Z,NZ,PZ,NZ,PZ,Z,PZ,NZ,Z,NZ,PZ,NZ,PZ,NZ,PZ,NZ,Z,NZ,PZ,NZ,PZ,NZ,Z,N,P
ULTRACEMCO,20190405,1,1,0,1,Z,Z,Z,Z,Z,NN,Z,Z,Z,Z,NN,NN,Z,Z,Z,Z,PZ,PZ,NZ,N,Z,P,Z,Z,NZ,Z,NZ,Z,NZ,Z,NZ,PZ,Z,PZ,Z,Z,NZ,PZ,Z,PZ,NZ,PZ,NZ,PZ,NZ,P,Z,Z,NN,Z,NN,P,P,NZ,Z,P,Z,Z,NZ,Z,NZ,PZ,NZ,PZ,NZ,PZ,NZ,PZ,Z,Z,NZ,PZ,Z,PZ,Z,PZ,NZ,Z,N,PZ,Z,Z
UNIONBANK,20190404,0,0,0,1,P,NZ,PP,PZ,NZ,NN,PP,N,Z,Z,NN,NN,PP,N,PP,NN,PZ,Z,Z,N,Z,P,Z,PZ,NZ,P,Z,PZ,NZ,PZ,Z,Z,NZ,PZ,NZ,PZ,NZ,PZ,NZ,PZ,NZ,PZ,N,Z,N,PZ,Z,Z,NN,PZ,NN,Z,PZ,NZ,PP,Z,NN,PZ,NZ,Z,NZ,PZ,NZ,PZ,Z,Z,NZ,PZ,Z,PZ,NZ,Z,NZ,PZ,NZ,PZ,NZ,PZ,N,Z,N,N
UNIONBANK,20190405,1,1,0,1,Z,Z,Z,Z,Z,NN,Z,Z,Z,Z,NN,NN,Z,Z,Z,Z,P,Z,NZ,NN,NN,PZ,NZ,PZ,Z,PZ,NZ,PZ,NZ,PZ,NN,PP,Z,Z,N,PZ,NZ,PZ,NZ,PZ,NZ,PZ,N,Z,NZ,Z,Z,Z,NN,Z,NN,N,PZ,Z,Z,P,Z,PZ,NZ,P,Z,PZ,NZ,PZ,Z,Z,NZ,PZ,NZ,PZ,NZ,PZ,NZ,PZ,NZ,PZ,N,Z,N,PP,Z,Z
UPL,20190404,0,0,0,1,Z,NZ,PZ,Z,NN,NN,P,NN,Z,Z,NN,NN,P,N,P,N,PZ,PP,NZ,Z,NN,PZ,NZ,PZ,NZ,Z,NZ,Z,NZ,Z,NZ,PZ,NZ,Z,NZ,PZ,NZ,Z,NZ,PZ,NZ,PZ,Z,Z,N,Z,Z,Z,NN,Z,NN,NN,PZ,NZ,NN,Z,NZ,PZ,NZ,PZ,Z,Z,NZ,PZ,NZ,PZ,Z,PZ,Z,PZ,NZ,PZ,NZ,PZ,Z,P,Z,PZ,NZ,PZ,Z,PP
UPL,20190405,1,1,0,1,Z,Z,Z,Z,Z,NN,Z,Z,Z,Z,NN,NN,Z,Z,Z,Z,Z,Z,NZ,NN,PP,PZ,NZ,Z,NZ,PZ,NZ,PZ,Z,PZ,Z,PZ,Z,Z,NZ,PZ,Z,PZ,NZ,PZ,Z,Z,NZ,P,Z,P,Z,Z,NN,Z,NN,P,PZ,NZ,PP,PZ,NZ,PZ,NZ,Z,NZ,Z,NZ,Z,NZ,PZ,NZ,Z,NZ,PZ,NZ,Z,NZ,PZ,NZ,PZ,Z,Z,N,P,Z,NN
VEDL,20190404,0,0,0,1,PZ,NZ,P,PZ,N,NN,P,N,Z,Z,N,NN,PP,NZ,PP,NZ,PP,PP,NZ,Z,N,PZ,NZ,PZ,NZ,PZ,NZ,PZ,NZ,PZ,NZ,PZ,Z,PZ,NZ,Z,NZ,PZ,NZ,PZ,NZ,PZ,NZ,Z,NN,PZ,Z,Z,NN,PZ,NN,Z,PP,Z,N,P,Z,PZ,NZ,P,Z,PZ,NZ,PZ,NZ,PZ,NZ,Z,NZ,PZ,NZ,Z,NZ,PZ,Z,PZ,Z,PZ,NZ,Z,N,PP
VEDL,20190405,1,1,0,1,Z,Z,Z,Z,Z,NN,Z,Z,Z,Z,NN,NN,Z,Z,Z,Z,PZ,Z,NZ,N,P,Z,NZ,PZ,NZ,Z,NZ,P,Z,PZ,NZ,PZ,Z,PZ,NZ,PZ,NZ,PZ,Z,Z,N,PZ,NZ,PZ,NZ,PZ,Z,Z,NN,Z,NN,Z,PP,NZ,P,PZ,NZ,PZ,NZ,PZ,NZ,PZ,NZ,PZ,NZ,PZ,Z,PZ,NZ,Z,NZ,PZ,NZ,PZ,NZ,PZ,NZ,Z,NN,P,Z,Z
VOLTAS,20190404,0,0,0,1,PZ,NZ,PZ,PZ,NN,NN,PZ,NN,Z,Z,NN,N,PZ,NN,PZ,NN,PZ,P,Z,Z,N,PZ,NZ,PZ,Z,Z,NZ,PZ,Z,PZ,NZ,PZ,N,PZ,Z,Z,NZ,Z,NZ,PZ,NZ,PZ,NZ,Z,NN,Z,Z,Z,N,PZ,NN,N,PZ,NZ,Z,Z,NZ,PZ,NZ,PZ,NZ,PZ,NZ,PZ,Z,Z,NZ,Z,NZ,Z,NZ,PZ,NZ,PZ,NZ,Z,NZ,PZ,NZ,Z,NZ,Z
VOLTAS,20190405,1,1,0,1,Z,Z,Z,Z,Z,NN,Z,Z,Z,Z,NN,NN,Z,Z,Z,Z,PZ,Z,NZ,NN,NN,PZ,Z,PZ,N,PZ,NZ,PZ,NZ,PZ,NZ,PZ,N,Z,NZ,Z,NZ,Z,NZ,Z,N,PZ,NZ,PZ,NZ,Z,Z,Z,NN,Z,NN,NN,PZ,Z,P,PZ,NZ,PZ,Z,Z,NZ,PZ,Z,PZ,NZ,PZ,N,PZ,Z,Z,NZ,Z,NZ,PZ,NZ,PZ,NZ,Z,NN,PZ,Z,N
WIPRO,20190404,0,0,0,1,Z,NN,Z,PZ,NN,NN,Z,NN,PP,PZ,NZ,NN,P,Z,P,Z,PZ,PZ,Z,NZ,P,PZ,NZ,P,Z,PZ,NZ,PZ,NZ,PZ,Z,PZ,Z,PZ,Z,PZ,Z,PZ,Z,PZ,Z,PZ,NZ,PZ,NZ,PP,NZ,PZ,NN,PZ,NN,PP,PZ,Z,P,Z,NZ,PZ,NZ,PZ,Z,PZ,NZ,Z,NZ,Z,NZ,PZ,Z,PZ,NZ,Z,NZ,Z,NZ,PZ,Z,Z,NZ,Z,NZ,Z
WIPRO,20190405,1,1,0,1,Z,Z,Z,Z,Z,NN,Z,Z,Z,Z,NN,NN,Z,Z,Z,Z,Z,PP,NN,NZ,P,PZ,Z,PZ,Z,Z,NZ,P,Z,PZ,NZ,Z,NZ,PZ,NZ,Z,NZ,Z,NZ,PZ,NZ,Z,NZ,PZ,Z,Z,Z,Z,NN,Z,NN,N,PZ,Z,N,PZ,NZ,P,Z,PZ,NZ,PZ,NZ,PZ,Z,PZ,Z,PZ,Z,PZ,Z,PZ,Z,PZ,Z,PZ,NZ,PZ,NZ,Z,NZ,PP
WOCKPHARMA,20190404,0,1,0,1,PZ,NZ,PP,Z,NZ,NN,PP,NZ,Z,Z,NN,NN,PP,NZ,PP,NZ,PZ,PP,NZ,Z,PP,PP,NZ,P,NZ,PZ,NZ,PP,Z,PZ,NZ,Z,NZ,PZ,NZ,Z,NZ,PZ,Z,P,NZ,Z,NN,PZ,N,PP,Z,Z,NN,Z,NN,P,P,NZ,Z,PZ,NZ,PZ,NZ,PZ,NZ,PZ,NZ,PZ,Z,Z,NZ,P,Z,P,Z,PZ,N,PZ,NZ,PZ,NZ,PZ,NZ,Z,NZ,P
WOCKPHARMA,20190405,1,1,0,1,Z,Z,Z,Z,Z,NN,Z,Z,Z,Z,NN,NN,Z,Z,Z,Z,PZ,Z,NZ,NN,PP,PZ,Z,PZ,NZ,PZ,NZ,PZ,NZ,PZ,NZ,P,Z,P,NZ,P,NZ,PZ,NZ,PZ,N,PZ,NZ,PP,NZ,PP,Z,Z,NN,Z,NN,P,PZ,NZ,NN,PP,NZ,P,NZ,PZ,NZ,PP,Z,PZ,NZ,Z,NZ,PZ,NZ,Z,NZ,PZ,Z,P,NZ,Z,NN,PZ,N,PP,Z,P
YESBANK,20190404,0,1,0,1,PZ,NN,PZ,Z,NN,NN,PZ,NN,Z,Z,NN,NN,P,N,P,N,PZ,PZ,NZ,NZ,Z,PZ,N,PZ,NZ,PZ,Z,PZ,NZ,PZ,Z,Z,NZ,PZ,Z,P,NZ,PZ,NZ,PZ,NZ,PZ,NZ,Z,NZ,Z,Z,Z,NN,Z,NN,Z,P,NZ,P,PZ,NZ,PZ,NZ,Z,NZ,PZ,Z,PZ,NZ,PZ,NZ,PZ,Z,PZ,NZ,Z,NZ,PZ,NZ,PZ,NZ,Z,N,Z,NZ,Z
YESBANK,20190405,1,1,0,1,Z,Z,Z,Z,Z,NN,Z,Z,Z,Z,NN,NN,Z,Z,Z,Z,PZ,Z,NN,NN,Z,PZ,NZ,PZ,NZ,PZ,NZ,Z,NZ,Z,N,PP,Z,Z,NZ,PZ,NZ,PZ,NZ,PZ,NZ,PZ,NZ,PZ,NZ,Z,Z,Z,NN,Z,NN,NN,PZ,NZ,Z,PZ,N,PZ,NZ,PZ,Z,PZ,NZ,PZ,Z,Z,NZ,PZ,Z,P,NZ,PZ,NZ,PZ,NZ,PZ,NZ,Z,NZ,PZ,Z,Z
ZEEL,20190404,0,1,0,1,PZ,N,PP,Z,NN,NN,PP,NN,Z,Z,NN,NN,PP,N,PP,N,Z,PZ,N,N,N,PZ,NZ,PZ,NZ,Z,NZ,Z,NZ,PZ,NZ,PZ,NZ,PZ,NZ,Z,NZ,PZ,NZ,PZ,NZ,PZ,NZ,Z,N,Z,Z,Z,NN,Z,NN,NN,PZ,N,Z,PZ,NZ,P,Z,PZ,NZ,PZ,NZ,PZ,NZ,PZ,N,PZ,NZ,Z,N,PZ,NZ,PZ,NZ,PZ,NZ,PZ,NZ,PZ,NZ,Z
ZEEL,20190405,1,1,0,1,Z,Z,Z,Z,Z,NN,Z,Z,Z,Z,NN,NN,Z,Z,Z,Z,PZ,Z,N,NN,PP,PZ,N,PP,Z,Z,N,PZ,NZ,P,Z,PZ,Z,PZ,NZ,PZ,NZ,PZ,NZ,PZ,NZ,PP,NZ,P,NZ,PP,Z,Z,NN,Z,NN,PP,Z,N,P,PZ,NZ,PZ,NZ,Z,NZ,Z,NZ,PZ,NZ,PZ,NZ,PZ,NZ,Z,NZ,PZ,NZ,PZ,NZ,PZ,NZ,Z,N,PP,Z,NN
